GrLivArea,OverallQual,Neighborhood,GarageCars,BsmtQual,YearBuilt,MSSubClass,SaleType,Condition1,BsmtExposure,MasVnrArea,KitchenQual,SalePrice
1710,7,CollgCr,2,Gd,2003,60,WD,Norm,No,196.0,Gd,208500
1262,6,Veenker,2,Gd,1976,20,WD,Feedr,Gd,0.0,TA,181500
1786,7,CollgCr,2,Gd,2001,60,WD,Norm,Mn,162.0,Gd,223500
1717,7,Crawfor,3,TA,1915,70,WD,Norm,No,0.0,Gd,140000
2198,8,NoRidge,3,Gd,2000,60,WD,Norm,Av,350.0,Gd,250000
1362,5,Mitchel,2,Gd,1993,50,WD,Norm,No,0.0,TA,143000
1694,8,Somerst,2,Ex,2004,20,WD,Norm,Av,186.0,Gd,307000
1774,7,OldTown,2,TA,1931,50,WD,Artery,No,0.0,TA,129900
1077,5,BrkSide,1,TA,1939,190,WD,Artery,No,0.0,TA,118000
1040,5,Sawyer,1,TA,1965,20,WD,Norm,No,0.0,TA,129500
2324,9,NridgHt,3,Ex,2005,60,New,Norm,No,286.0,Ex,345000
1494,7,CollgCr,3,Gd,2006,20,New,Norm,Av,306.0,Gd,279500
854,7,BrkSide,2,TA,1929,45,WD,Norm,No,0.0,TA,132000
1114,5,SawyerW,2,TA,2004,20,WD,RRAe,No,0.0,Gd,159000
1339,5,NAmes,1,TA,1958,20,COD,Norm,No,0.0,TA,139000
2376,8,NridgHt,3,Ex,2005,60,New,Norm,Av,380.0,Gd,325300
1108,7,IDOTRR,1,TA,1930,45,WD,Norm,No,0.0,Gd,139400
1795,8,CollgCr,2,Gd,2002,20,WD,Norm,No,281.0,Gd,230000
1060,5,MeadowV,2,Gd,1976,120,WD,Norm,No,0.0,TA,129900
1600,8,NridgHt,3,Gd,2007,20,WD,Norm,No,640.0,Gd,256300
900,5,NAmes,2,TA,1951,20,WD,Norm,Mn,0.0,Gd,134800
1704,8,NridgHt,3,Ex,2007,20,WD,Norm,No,200.0,Gd,306000
1600,5,NAmes,1,TA,1957,20,WD,Norm,Gd,0.0,TA,207500
520,4,BrkSide,1,TA,1927,30,WD,Feedr,No,0.0,Fa,68500
1317,4,IDOTRR,1,TA,1920,70,WD,Feedr,No,0.0,TA,40000
1234,8,CollgCr,2,Ex,2007,20,WD,Norm,Av,0.0,Gd,179900
1700,5,NAmes,2,TA,1959,20,WD,Norm,No,0.0,Gd,165500
1561,9,NridgHt,2,Ex,2005,120,WD,Norm,No,246.0,Ex,277500
2452,8,NridgHt,3,Ex,2004,60,WD,Norm,Av,132.0,Gd,309000
1097,5,CollgCr,2,Gd,1994,20,WD,Norm,No,0.0,TA,145000
1297,5,NAmes,2,TA,1954,20,WD,Norm,No,650.0,TA,153000
1057,5,NAmes,1,TA,1953,20,WD,Norm,No,0.0,Gd,109000
1324,6,NAmes,2,TA,1965,20,WD,Norm,No,101.0,TA,160000
1328,5,Timber,1,TA,1959,20,WD,Norm,Gd,0.0,TA,170000
1150,5,NAmes,1,TA,1959,20,WD,Norm,No,0.0,TA,141000
1752,9,NridgHt,2,Ex,2005,120,WD,Norm,No,412.0,Ex,319900
2149,7,Mitchel,2,Ex,2003,50,WD,Norm,No,0.0,Gd,239686
1656,8,Somerst,3,Gd,2006,20,WD,Norm,Av,0.0,Gd,249700
955,5,Sawyer,1,TA,1966,20,WD,Norm,No,0.0,TA,127000
1176,6,BrkSide,2,TA,1934,50,WD,Norm,No,0.0,TA,114500
816,5,IDOTRR,2,Gd,1963,90,WD,RRNn,Gd,0.0,TA,110000
1842,9,Veenker,3,Ex,1981,20,WD,Norm,Gd,0.0,Gd,385000
1360,5,NAmes,2,TA,1955,80,WD,Norm,No,0.0,TA,130000
1425,6,NAmes,2,TA,1964,20,WD,Norm,No,272.0,TA,180500
1739,8,Somerst,2,Gd,1999,160,WD,Norm,No,456.0,Gd,172500
1720,7,CollgCr,2,Gd,2004,60,WD,Norm,No,0.0,Gd,196500
2945,10,StoneBr,3,Ex,2006,60,New,Norm,Gd,1031.0,Gd,438780
780,5,CollgCr,1,TA,1972,20,WD,Norm,Av,0.0,TA,124900
1158,6,SawyerW,2,Gd,2004,20,New,RRAe,No,0.0,Gd,158000
1111,5,IDOTRR,1,TA,1920,75,WD,Norm,No,0.0,Fa,101000
1370,8,NridgHt,2,Gd,2006,120,WD,Norm,Mn,178.0,Gd,202500
1710,7,OldTown,2,TA,1921,70,WD,RRAn,No,0.0,TA,140000
2473,8,NridgHt,3,Ex,2004,60,WD,Norm,Av,344.0,Gd,317000
1479,7,CollgCr,2,Gd,2003,20,WD,Norm,Av,167.0,Gd,226000
747,4,OldTown,1,TA,1945,30,WD,Artery,No,0.0,TA,80000
2287,7,ClearCr,2,TA,1953,50,WD,Norm,No,0.0,TA,225000
2223,7,NAmes,2,Gd,1973,20,WD,Norm,Gd,1115.0,TA,244000
845,4,Mitchel,2,TA,1982,20,WD,Norm,No,0.0,TA,129500
1718,7,Gilbert,2,Gd,1998,60,WD,Norm,No,40.0,TA,185000
1086,5,NAmes,2,TA,1954,20,WD,Norm,No,104.0,TA,144900
1605,3,OldTown,1,Fa,1915,50,WD,Norm,No,0.0,TA,107400
988,4,MeadowV,1,Gd,1973,180,WD,Norm,Gd,0.0,TA,91000
1285,5,BrkSide,1,TA,1948,50,WD,Norm,No,0.0,TA,127000
1230,5,OldTown,2,TA,1910,50,WD,Norm,No,0.0,TA,110000
2142,6,NAmes,1,Gd,1968,60,WD,Norm,No,576.0,Gd,193500
1337,6,Mitchel,2,Ex,1998,120,WD,Norm,No,443.0,TA,153500
1563,8,Somerst,3,Gd,2007,20,WD,Norm,No,468.0,Gd,245000
1065,5,NAmes,2,TA,1960,20,COD,Norm,No,66.0,TA,126500
2417,8,NoRidge,2,Gd,1991,60,WD,Norm,No,284.0,Gd,260000
1560,6,Gilbert,2,Gd,2005,60,WD,Norm,Av,0.0,Gd,174000
1224,6,Somerst,2,Gd,2009,160,New,Norm,Av,76.0,Gd,164500
1235,5,NAmes,2,TA,1961,20,WD,Norm,No,203.0,TA,98600
964,5,Crawfor,2,Gd,1921,30,WD,Norm,No,0.0,TA,163500
2291,6,OldTown,2,TA,1910,190,WD,Norm,Mn,0.0,TA,133900
1786,6,CollgCr,2,Gd,1997,60,WD,Norm,No,0.0,Gd,204750
1588,7,CollgCr,2,Gd,1999,20,WD,Norm,Av,183.0,Gd,214000
960,4,Edwards,1,TA,1965,20,WD,Norm,No,48.0,TA,94750
835,5,Edwards,1,TA,1920,30,COD,Norm,No,0.0,TA,83000
1732,6,SawyerW,2,Gd,1985,60,WD,Norm,No,336.0,Gd,178000
1226,7,CollgCr,3,Gd,2009,20,WD,Norm,No,0.0,Gd,198900
1992,8,Somerst,2,Ex,2003,60,WD,Norm,No,768.0,Gd,250000
1047,4,OldTown,1,Fa,1885,30,WD,Norm,No,0.0,TA,100000
789,5,OldTown,1,TA,1948,20,WD,Norm,No,0.0,TA,115000
1844,6,NWAmes,2,Gd,1977,20,COD,Norm,No,480.0,TA,190000
1855,6,Edwards,1,TA,1954,50,WD,Norm,No,0.0,TA,136900
2696,7,CollgCr,3,Ex,2007,60,New,Norm,Av,220.0,Ex,383970
2320,6,Crawfor,1,TA,1945,70,WD,Norm,No,0.0,Gd,259500
1458,6,Somerst,2,Gd,1999,160,WD,Norm,No,1129.0,TA,176000
1125,5,Edwards,2,Gd,2006,20,New,Norm,No,0.0,TA,155000
3222,7,SawyerW,3,Gd,1990,60,WD,Norm,Mn,0.0,Gd,320000
1456,6,CollgCr,2,Gd,2005,60,New,Norm,No,0.0,Gd,163990
1123,4,IDOTRR,1,TA,1939,50,WD,Norm,No,0.0,TA,100000
1080,6,NAmes,1,TA,1958,20,WD,Norm,No,135.0,TA,136000
1199,6,SawyerW,2,Gd,1993,120,WD,Norm,No,0.0,Gd,153900
1586,6,NWAmes,2,Gd,1979,20,WD,Norm,No,0.0,TA,181000
1348,6,NAmes,2,TA,1966,60,WD,PosN,No,266.0,TA,155000
1053,5,NAmes,2,TA,1958,20,WD,Norm,No,85.0,Ex,150000
2157,7,NAmes,2,TA,1966,60,WD,Norm,No,309.0,Gd,226000
1327,5,NAmes,2,TA,1959,20,WD,Norm,No,0.0,Gd,150750
1721,5,Sawyer,2,TA,1968,20,WD,Norm,No,0.0,TA,180000
1682,7,NWAmes,2,TA,1970,20,WD,Norm,No,288.0,TA,174000
1959,7,Mitchel,3,TA,1988,90,WD,Norm,No,70.0,TA,171000
1852,8,CollgCr,3,Gd,1999,60,WD,Norm,Mn,320.0,Gd,230000
1764,6,CollgCr,2,Gd,1997,60,WD,Norm,No,0.0,Gd,231500
1734,7,CollgCr,2,Gd,2005,20,WD,Norm,Av,0.0,Gd,260000
1385,5,NAmes,2,TA,1952,50,WD,Artery,No,0.0,TA,166000
1501,7,CollgCr,2,Gd,1999,20,WD,Norm,Gd,183.0,Gd,204000
1728,5,Sawyer,2,TA,1963,90,ConLI,RRAe,No,336.0,TA,125000
1709,6,Edwards,2,Gd,2004,160,WD,Norm,No,50.0,Gd,130000
875,5,BrkSide,1,TA,1931,30,WD,Norm,No,0.0,TA,105000
969,5,CollgCr,2,TA,1975,20,WD,Norm,Av,0.0,TA,122000
1710,8,NridgHt,3,Ex,2007,20,New,Norm,Gd,436.0,Gd,372402
1200,6,OldTown,1,TA,1923,30,WD,Norm,No,0.0,TA,125000
1968,8,Timber,3,Ex,2009,60,New,Norm,No,84.0,Ex,269500
1947,7,Somerst,2,Gd,2004,60,WD,Norm,No,0.0,Gd,254900
2462,7,Gilbert,2,Gd,2005,60,New,Norm,Mn,456.0,Gd,320000
2668,9,NridgHt,3,Ex,2003,60,WD,Norm,Av,664.0,Ex,412500
1541,7,NridgHt,2,Gd,2005,20,New,Norm,Mn,226.0,Gd,220000
1616,6,OldTown,1,TA,1926,40,WD,Norm,Mn,0.0,Gd,152000
2161,8,NridgHt,3,Ex,2007,60,New,Norm,No,300.0,Ex,325624
1720,7,Gilbert,2,Gd,2004,60,WD,Norm,No,0.0,Gd,183500
1656,6,NAmes,2,TA,1960,20,WD,Norm,Gd,112.0,TA,215000
1767,7,StoneBr,2,Gd,1987,160,WD,Norm,No,0.0,Gd,239000
1362,6,NAmes,2,TA,1961,20,COD,Norm,No,491.0,TA,163000
1651,6,Timber,2,Gd,1986,20,WD,Norm,No,132.0,TA,184000
2158,6,Edwards,2,TA,1950,20,WD,Norm,Av,0.0,Gd,243000
2060,6,ClearCr,2,Gd,1988,60,WD,Norm,No,268.0,TA,211000
2234,9,StoneBr,3,Ex,2008,20,New,Norm,No,748.0,Ex,501837
968,5,OldTown,2,TA,1923,30,WD,Norm,No,0.0,TA,100000
1802,7,Crawfor,1,Fa,1920,70,WD,Norm,No,0.0,TA,200100
2082,7,OldTown,2,Gd,2003,50,WD,Norm,No,0.0,Gd,200000
1252,5,BrkSide,2,Fa,1908,50,WD,RRAn,No,0.0,TA,127000
3608,10,OldTown,3,TA,1892,75,WD,Artery,Mn,0.0,Ex,475000
1656,5,OldTown,1,Fa,1916,50,WD,Norm,No,0.0,TA,135000
1224,5,SawyerW,2,Gd,1979,90,WD,Feedr,Av,275.0,TA,153337
1593,8,StoneBr,2,Ex,2001,120,WD,Norm,Av,0.0,Ex,286000
2727,8,Crawfor,2,Gd,1932,70,WD,Norm,No,0.0,Gd,315000
1431,7,CollgCr,2,Gd,1999,20,WD,Norm,Av,0.0,Gd,192000
1709,7,Edwards,2,Gd,2004,160,WD,Norm,No,50.0,Gd,130000
864,5,CollgCr,1,TA,1972,20,WD,Norm,Av,0.0,TA,127000
1456,6,NPkVill,2,Gd,1976,160,WD,Norm,No,0.0,TA,148500
1726,7,Somerst,3,Ex,2007,20,New,Norm,No,205.0,Ex,311872
3112,8,NAmes,2,TA,1918,75,WD,Artery,No,0.0,Gd,235000
1713,8,NridgHt,3,Ex,2004,20,WD,Norm,Av,262.0,Ex,274900
1121,4,Edwards,2,Gd,2003,20,WD,Norm,No,0.0,TA,140000
1279,6,Mitchel,2,TA,1977,20,WD,Norm,No,0.0,TA,171500
1310,6,OldTown,1,Fa,1924,50,COD,Artery,No,0.0,TA,112000
1284,5,OldTown,1,TA,1947,50,WD,Norm,No,0.0,TA,110000
1442,7,Gilbert,2,Gd,1990,20,WD,Norm,No,0.0,TA,180500
1696,5,Sawyer,1,TA,1962,20,WD,RRAe,No,0.0,TA,143900
1092,6,NAmes,2,Gd,1964,20,WD,Norm,No,260.0,TA,145000
1212,6,Edwards,2,Gd,2009,20,WD,Norm,Mn,0.0,Gd,186000
1852,7,Somerst,2,Gd,2009,60,New,Norm,No,0.0,Gd,252678
990,5,CollgCr,2,Gd,1995,20,WD,Norm,No,0.0,TA,156000
1236,5,NAmes,1,TA,1957,20,WD,Norm,No,64.0,Gd,134450
1436,7,CollgCr,2,Gd,2004,20,WD,Norm,Mn,266.0,Gd,210000
1328,4,OldTown,1,TA,1925,70,WD,Norm,No,0.0,TA,107000
1248,7,Blmngtn,2,Gd,2005,120,New,Norm,Av,16.0,Gd,167240
1498,7,CollgCr,2,Gd,2006,20,New,Norm,Mn,0.0,Gd,204900
1552,6,NWAmes,2,Gd,1975,60,WD,RRAn,No,0.0,TA,179900
864,4,NAmes,2,TA,1971,20,WD,Norm,No,0.0,TA,97000
2392,10,NridgHt,3,Ex,2003,20,WD,Norm,Gd,922.0,Ex,386250
1302,5,BrDale,1,TA,1971,160,COD,Norm,No,142.0,TA,112000
2520,7,NoRidge,3,Gd,1995,60,WD,Norm,No,290.0,Gd,290000
987,6,BrDale,1,TA,1970,160,WD,Norm,No,127.0,TA,106000
912,5,Sawyer,1,TA,1967,20,WD,Feedr,No,0.0,TA,125000
1555,7,Blmngtn,2,Gd,2005,120,WD,Norm,Av,16.0,Gd,192500
1194,6,NAmes,1,TA,1959,20,WD,Norm,No,220.0,TA,148000
2794,8,NoRidge,3,Gd,1995,60,WD,Norm,No,506.0,Ex,403000
987,6,BrDale,1,TA,1972,160,WD,Norm,No,297.0,TA,94500
894,5,CollgCr,1,TA,1976,20,WD,Norm,Av,0.0,TA,128200
987,6,BrDale,1,TA,1971,160,WD,Norm,No,604.0,TA,89500
1414,7,CollgCr,2,Gd,2004,20,WD,Norm,Av,98.0,Gd,185500
1694,8,NridgHt,3,Ex,2007,20,New,Norm,No,254.0,Gd,318000
1487,6,Edwards,1,TA,1945,50,WD,Norm,No,0.0,TA,113000
1566,8,Somerst,2,Gd,2008,20,WD,Norm,Av,36.0,Gd,262500
1440,5,OldTown,1,TA,1900,50,WD,Norm,No,0.0,TA,79000
1217,6,SawyerW,1,Gd,1980,160,WD,Norm,No,0.0,TA,120000
1872,7,NWAmes,2,Gd,1988,20,WD,Norm,Av,102.0,TA,241500
1928,6,OldTown,1,Fa,1910,190,WD,Norm,No,0.0,Fa,137000
1375,6,NAmes,2,TA,1954,20,WD,Norm,No,0.0,TA,140000
1668,7,CollgCr,2,Gd,2003,60,WD,Norm,No,101.0,Gd,180000
1625,8,Crawfor,2,Gd,2006,120,WD,Norm,Gd,481.0,Gd,235000
1640,6,SawyerW,2,Gd,2004,60,WD,Norm,No,0.0,Gd,173000
1302,6,NAmes,1,Gd,1964,80,CWD,Norm,Gd,108.0,Gd,158000
1314,5,NAmes,1,TA,1957,20,WD,Norm,No,0.0,TA,145000
2291,7,Gilbert,2,Gd,1999,60,WD,Norm,No,302.0,Gd,230000
1728,6,Somerst,2,Gd,2003,60,WD,Norm,No,0.0,Gd,207500
1604,7,CollgCr,2,Gd,2006,20,WD,Norm,No,180.0,Gd,220000
1792,7,CollgCr,2,Gd,2001,60,WD,Norm,No,172.0,Gd,231500
1382,6,NAmes,2,TA,1962,80,WD,Artery,Gd,399.0,TA,176000
2574,8,CollgCr,3,Ex,2007,60,New,Norm,No,270.0,Ex,276000
1212,6,Sawyer,2,Gd,1977,80,WD,Norm,Av,46.0,TA,151000
1316,5,OldTown,2,TA,1929,50,WD,Norm,No,0.0,TA,130000
764,5,OldTown,2,Fa,1925,30,WD,Artery,No,0.0,TA,73000
1422,6,NWAmes,2,Gd,1981,20,WD,Norm,No,210.0,Gd,175500
1511,6,Gilbert,2,Gd,1997,60,WD,Norm,Av,0.0,TA,185000
2192,5,SWISU,1,TA,1939,75,WD,Norm,No,0.0,Gd,179500
778,5,IDOTRR,1,TA,1940,30,WD,Norm,No,0.0,TA,120500
1939,8,Somerst,3,Gd,2006,60,New,Norm,Mn,0.0,Gd,266000
1363,7,ClearCr,2,Gd,1954,20,WD,Norm,Gd,0.0,TA,241500
2270,8,NoRidge,3,Gd,1999,60,WD,Norm,No,348.0,Gd,290000
1632,6,NAmes,1,TA,1958,20,WD,Feedr,No,183.0,TA,139000
816,5,Mitchel,1,TA,1982,20,WD,Norm,Gd,0.0,TA,124500
1548,7,BrkSide,2,TA,1925,50,WD,Norm,No,0.0,Ex,205000
1560,7,Mitchel,2,Ex,2003,20,WD,Norm,No,0.0,Gd,201000
864,4,Gilbert,2,TA,1951,20,WD,Norm,No,0.0,TA,141000
2121,9,NridgHt,3,Ex,2006,20,New,Norm,Gd,315.0,Ex,415298
2022,7,ClearCr,2,Gd,1977,60,WD,Norm,No,299.0,TA,192000
1982,7,SawyerW,2,Gd,1989,60,WD,Norm,Av,340.0,Gd,228500
1262,6,Somerst,2,Gd,2006,20,New,Norm,No,68.0,Gd,185000
1314,7,NridgHt,2,Gd,2007,120,ConLw,Norm,No,166.0,Gd,207500
1468,8,Somerst,3,Gd,2008,20,New,Feedr,No,72.0,Gd,244600
1575,6,SawyerW,2,Gd,1992,120,WD,Norm,No,0.0,Gd,179200
1250,7,Somerst,2,Gd,2006,160,New,Norm,No,0.0,Gd,164700
1734,6,NAmes,2,TA,1962,50,WD,Norm,No,0.0,Gd,159000
1396,6,BrkSide,1,TA,1915,70,WD,RRAn,No,0.0,TA,153575
1919,8,CollgCr,2,Gd,2006,60,New,Norm,Av,0.0,Gd,233230
1716,5,Edwards,1,TA,1949,50,WD,Norm,No,0.0,TA,131000
1644,6,NAmes,2,TA,1953,20,WD,Norm,No,238.0,TA,167000
1003,6,Mitchel,2,TA,1984,80,WD,Norm,Av,0.0,TA,142500
1558,5,IDOTRR,1,TA,1950,50,WD,Norm,No,0.0,TA,152000
1950,7,Somerst,2,Gd,1997,60,WD,Norm,No,1600.0,Gd,239000
1743,6,NWAmes,2,TA,1968,60,WD,Norm,No,365.0,TA,175000
1152,6,Crawfor,1,TA,1950,20,WD,Norm,No,0.0,Gd,158500
1336,5,Crawfor,1,TA,1953,190,WD,Norm,Mn,56.0,TA,157000
2452,8,CollgCr,2,Gd,1998,60,WD,Norm,No,0.0,Gd,267000
1541,7,CollgCr,3,Gd,2001,20,WD,Norm,No,150.0,Gd,205000
894,5,CollgCr,2,TA,1972,20,WD,Norm,No,0.0,TA,149900
3493,7,OldTown,3,TA,1880,75,WD,Norm,No,0.0,Gd,295000
2000,8,CollgCr,3,Gd,2004,20,WD,Norm,No,246.0,Gd,305900
2243,7,SawyerW,3,Gd,1990,60,WD,Feedr,No,246.0,Gd,225000
1944,9,NridgHt,3,Ex,2003,20,WD,Norm,Gd,0.0,Ex,360000
972,6,NAmes,1,TA,1948,20,WD,Norm,No,0.0,TA,132000
1118,5,OldTown,2,Gd,1939,190,WD,Artery,Mn,0.0,TA,119900
2036,7,Timber,2,Gd,1965,20,WD,Norm,Gd,0.0,TA,375000
1641,7,OldTown,2,TA,1925,70,WD,Norm,No,0.0,Ex,178000
1432,7,Gilbert,2,Gd,2004,60,WD,Norm,No,0.0,Gd,188500
2353,7,NWAmes,2,Gd,1980,60,WD,Norm,No,278.0,Ex,260000
1959,8,Somerst,3,Gd,2006,60,WD,Norm,Av,0.0,Gd,270000
2646,7,NoRidge,3,Gd,1993,60,WD,Norm,Gd,256.0,Gd,260000
2596,9,NridgHt,3,Ex,2006,60,New,Norm,Av,370.0,Gd,342643
2468,8,NridgHt,3,Ex,2004,60,WD,Norm,Av,388.0,Gd,354000
2730,7,SawyerW,2,TA,1986,60,WD,Norm,Gd,172.0,Gd,301000
1163,3,OldTown,1,TA,1955,20,WD,Norm,No,0.0,TA,126175
2978,7,NAmes,2,Gd,1967,80,WD,PosN,No,300.0,Gd,242000
803,5,IDOTRR,2,TA,1941,45,WD,RRAe,Av,0.0,TA,87000
1719,8,Veenker,2,Gd,1993,120,Con,Norm,Gd,0.0,Gd,324000
1383,6,NAmes,1,TA,1960,20,WD,Norm,No,175.0,TA,145250
1192,5,IDOTRR,1,TA,1920,70,WD,Norm,Mn,0.0,TA,78000
1056,5,NAmes,1,TA,1958,20,WD,Norm,No,0.0,TA,139000
1358,7,NridgHt,2,Gd,2004,120,WD,Norm,Av,146.0,Gd,207000
1638,6,Gilbert,2,Gd,1998,60,WD,Norm,Gd,0.0,TA,192000
1922,9,StoneBr,3,Ex,2005,20,WD,Norm,Gd,200.0,Gd,377426
1536,7,CollgCr,2,Gd,2002,20,WD,Norm,Av,113.0,Gd,214000
1621,7,NWAmes,2,Gd,1984,20,WD,Norm,Mn,0.0,Gd,202500
1215,6,NAmes,1,TA,1958,20,WD,Feedr,No,176.0,TA,155000
1908,8,Timber,2,Gd,2002,60,WD,Norm,No,0.0,Gd,202900
841,4,SawyerW,1,TA,1950,20,WD,Feedr,No,0.0,TA,82000
1684,9,NridgHt,2,Ex,2005,120,WD,Norm,No,616.0,Ex,266000
1112,5,MeadowV,1,Gd,1976,160,WD,Norm,No,0.0,TA,85000
1577,6,BrkSide,1,TA,1939,50,WD,RRAn,No,0.0,Fa,140200
1626,7,NridgHt,2,Gd,2003,160,WD,Norm,No,106.0,Gd,154000
2728,9,NridgHt,3,Ex,2005,60,New,Norm,No,870.0,Ex,437154
1869,9,NridgHt,2,Ex,2007,120,New,Norm,No,362.0,Ex,318061
1111,5,Edwards,1,TA,1941,50,ConLw,Artery,Mn,0.0,TA,95000
720,6,OldTown,2,TA,1928,30,WD,Norm,No,0.0,TA,105900
1595,6,SWISU,1,TA,1940,50,WD,Norm,No,0.0,TA,140000
1200,6,CollgCr,2,Gd,1995,20,WD,Norm,No,0.0,Gd,177500
1142,5,MeadowV,2,Gd,1976,120,WD,Norm,No,0.0,TA,134000
1352,5,ClearCr,1,TA,1958,80,WD,Norm,Av,120.0,Gd,130000
1924,8,NoRidge,2,Gd,1998,60,WD,Norm,Av,530.0,Gd,280000
987,6,BrDale,1,TA,1972,160,WD,Norm,No,510.0,Gd,118000
1344,5,IDOTRR,1,TA,1920,70,WD,Norm,No,0.0,TA,147000
1431,6,NAmes,1,Gd,1962,80,WD,Norm,Gd,305.0,TA,165000
1268,5,NAmes,1,TA,1954,20,WD,Norm,No,200.0,TA,132000
752,6,SawyerW,1,Gd,1984,120,WD,Norm,No,0.0,TA,125000
1319,5,NAmes,1,TA,1953,20,WD,Norm,No,0.0,TA,123000
1928,7,CollgCr,2,Gd,2003,60,WD,Norm,No,0.0,Gd,219500
914,5,CollgCr,2,Gd,1996,85,WD,Norm,Av,0.0,TA,148000
2466,8,Somerst,2,Gd,2004,60,WD,Norm,No,0.0,Gd,340000
1856,9,StoneBr,3,Ex,2010,20,New,Norm,Av,350.0,Ex,394432
1800,6,Gilbert,2,Gd,2000,60,WD,RRAn,No,16.0,TA,179000
1691,5,SWISU,1,TA,1924,50,WD,Norm,No,0.0,Gd,127000
1301,7,Somerst,2,Gd,2006,20,New,Norm,No,0.0,Gd,187750
1797,7,CollgCr,2,Gd,2006,60,WD,Norm,Av,0.0,Gd,213500
784,6,SawyerW,2,Fa,1928,45,WD,Norm,No,0.0,TA,76000
1269,8,Blmngtn,2,Gd,2004,120,WD,Norm,No,16.0,Gd,192000
1125,6,Edwards,1,TA,1976,80,WD,Norm,Av,255.0,TA,125000
1479,7,CollgCr,2,Gd,1999,20,WD,Norm,No,125.0,Gd,191000
2332,10,NridgHt,3,Ex,2007,60,New,Norm,Av,272.0,Ex,426000
1367,5,Edwards,1,TA,1900,50,WD,Norm,No,0.0,TA,119000
1961,6,Mitchel,2,Ex,2001,60,WD,Norm,No,0.0,Gd,215000
1034,5,OldTown,1,TA,1940,50,WD,Norm,No,0.0,TA,109000
1144,5,Edwards,1,TA,1956,20,WD,Norm,Av,0.0,TA,129000
894,5,CollgCr,2,TA,1972,20,WD,Norm,Av,0.0,TA,123000
1812,5,NAmes,1,TA,1962,60,WD,PosN,No,288.0,TA,169500
1077,5,IDOTRR,1,Fa,1920,30,WD,Norm,No,0.0,TA,67000
1550,7,Somerst,2,Gd,2006,60,WD,Norm,No,100.0,Gd,241000
1288,8,Veenker,2,Gd,1996,120,WD,Norm,No,0.0,Ex,245500
1310,7,CollgCr,2,Gd,2005,20,New,Norm,Av,0.0,Gd,164990
672,5,Sawyer,1,TA,1940,30,WD,Norm,No,0.0,TA,108000
2263,8,NoRidge,2,Gd,1998,60,WD,Norm,No,650.0,Gd,258000
1639,6,SWISU,1,TA,1936,50,WD,Norm,No,0.0,TA,115000
1680,6,Crawfor,1,Gd,1915,70,WD,Norm,No,0.0,TA,177000
2172,7,NridgHt,3,Ex,2006,60,New,Norm,No,350.0,Gd,280000
2078,8,Somerst,3,Ex,2007,60,New,Norm,No,100.0,Ex,339750
1276,5,Edwards,1,TA,1958,20,COD,Norm,No,0.0,TA,60000
1056,5,Gilbert,2,TA,1955,190,WD,Norm,Mn,0.0,TA,145000
1028,5,OldTown,2,TA,1927,30,WD,Artery,No,0.0,TA,115000
2097,7,SawyerW,3,Gd,1993,60,WD,Norm,No,0.0,Gd,228000
1340,7,Gilbert,2,Gd,2007,20,New,Norm,Av,0.0,Gd,181134
1400,6,Sawyer,2,TA,1978,60,WD,Norm,No,203.0,TA,149500
2624,6,Crawfor,3,Gd,1918,70,WD,Feedr,No,0.0,TA,239000
1134,5,Edwards,1,TA,1940,50,WD,Norm,No,0.0,TA,126000
1056,5,NAmes,1,TA,1968,20,WD,Norm,No,0.0,TA,142000
1344,7,Mitchel,4,Gd,1997,90,WD,Norm,Gd,200.0,TA,206300
988,5,Mitchel,2,TA,1954,20,WD,Artery,No,0.0,TA,113000
2630,8,NoRidge,3,Gd,1998,60,WD,Norm,No,473.0,Gd,315000
1196,6,NAmes,1,Gd,1956,20,WD,Norm,No,74.0,TA,139000
1389,7,OldTown,1,TA,1946,60,WD,Norm,No,0.0,TA,135000
907,4,NAmes,1,TA,1957,20,WD,Norm,No,0.0,TA,109008
1208,7,CollgCr,2,Gd,2007,20,New,Norm,No,108.0,Gd,195400
1412,6,Timber,2,Gd,1988,20,WD,Norm,Mn,0.0,Gd,175000
987,6,BrDale,1,TA,1971,160,COD,Norm,No,232.0,TA,85400
1365,5,BrDale,2,TA,1971,160,WD,Norm,No,376.0,TA,122500
1604,6,Gilbert,2,Gd,1997,60,WD,Norm,No,0.0,TA,181000
1661,7,CollgCr,2,Gd,1996,60,ConLw,PosN,Av,0.0,Gd,212000
1118,6,OldTown,2,Fa,1920,50,WD,Norm,No,0.0,TA,116000
904,6,BrkSide,1,TA,1926,45,WD,Norm,No,0.0,TA,119000
694,5,Crawfor,1,TA,1913,30,WD,Norm,No,0.0,Gd,90350
1196,6,Edwards,2,TA,1920,50,ConLI,Norm,Mn,0.0,Gd,110000
2402,10,NridgHt,3,Ex,2008,20,WD,Norm,Gd,200.0,Ex,555000
1573,5,BrkSide,2,TA,1930,50,WD,Norm,No,0.0,TA,162900
1258,7,Blmngtn,3,Ex,2006,120,New,Norm,Av,72.0,Gd,172500
1908,7,CollgCr,2,Gd,1994,60,WD,Norm,No,0.0,Gd,210000
1689,6,Edwards,2,TA,1956,20,COD,Norm,No,0.0,TA,127500
1888,6,NAmes,2,TA,1966,20,WD,PosA,No,0.0,Gd,190000
1376,6,IDOTRR,1,TA,1937,50,WD,Norm,No,0.0,TA,119500
1183,3,OldTown,1,TA,1948,50,WD,Norm,No,0.0,TA,120000
813,6,OldTown,1,TA,1930,30,WD,Norm,No,0.0,Gd,110000
1533,7,ClearCr,2,Gd,1975,20,WD,Norm,Gd,0.0,Gd,280000
1590,8,Somerst,2,Gd,2008,60,WD,Norm,No,0.0,Gd,210000
1728,5,Mitchel,2,TA,1976,90,WD,Norm,No,0.0,TA,188000
1242,7,NWAmes,2,TA,1973,20,WD,Norm,No,320.0,TA,175500
1344,5,OldTown,3,TA,1916,70,COD,Norm,No,0.0,TA,98000
1935,8,Somerst,2,Gd,2009,60,New,RRAn,No,110.0,TA,263435
1135,7,SWISU,2,Gd,1936,70,WD,Feedr,No,0.0,Gd,155000
864,5,Sawyer,1,TA,1965,20,WD,Norm,No,0.0,TA,62383
1660,6,Crawfor,1,TA,1934,70,WD,Norm,No,0.0,TA,188700
1277,7,NAmes,2,TA,1970,20,WD,Norm,Gd,0.0,TA,167000
1644,5,NAmes,1,TA,1942,70,WD,Artery,No,224.0,Gd,146500
1634,8,NridgHt,3,Gd,2006,20,WD,Norm,No,248.0,Gd,250000
1710,6,SawyerW,2,Gd,1993,60,WD,RRNe,No,120.0,Gd,187000
1969,7,NWAmes,2,Gd,1977,60,WD,PosA,No,0.0,TA,190000
1072,6,Edwards,2,Gd,2005,180,WD,Norm,Gd,80.0,TA,148000
1976,8,NridgHt,3,Ex,2006,20,New,Norm,Gd,304.0,Gd,440000
1652,8,StoneBr,2,Gd,2000,120,WD,Norm,Av,0.0,Ex,251000
970,5,Sawyer,2,TA,1963,20,WD,Norm,No,0.0,TA,132500
1493,6,CollgCr,2,Gd,1997,20,WD,Norm,Gd,215.0,Gd,208900
2643,9,NridgHt,3,Gd,2006,60,WD,Norm,Av,772.0,Ex,380000
1718,8,CollgCr,3,Ex,2007,20,WD,Norm,Gd,336.0,Gd,297000
1131,4,OldTown,2,Fa,1937,30,WD,Norm,No,435.0,TA,89471
1850,9,NridgHt,3,Ex,2004,20,WD,Norm,Gd,378.0,Gd,326000
1792,9,NridgHt,3,Ex,2003,20,WD,Norm,Gd,562.0,Ex,374000
1826,7,OldTown,1,TA,1915,70,WD,Norm,No,0.0,Ex,155000
1216,6,Mitchel,2,Ex,1998,120,WD,Norm,No,116.0,TA,164000
1113,5,NAmes,1,TA,1950,20,WD,Norm,No,0.0,Gd,147000
1073,5,NAmes,2,TA,1965,20,WD,Norm,No,168.0,TA,156000
1484,5,NWAmes,2,Gd,1971,20,WD,Norm,Av,0.0,TA,175000
2414,5,OldTown,2,TA,1900,190,ConLD,Norm,No,0.0,TA,160000
630,4,MeadowV,1,Gd,1970,180,WD,Norm,Av,0.0,Gd,86000
1578,6,NAmes,1,TA,1941,50,WD,Artery,No,0.0,Fa,133000
1456,6,Gilbert,2,Gd,2006,60,New,Norm,No,0.0,TA,172785
1269,5,NAmes,1,TA,1960,20,WD,Norm,No,0.0,TA,155000
886,5,OldTown,1,Fa,1938,30,WD,Artery,No,0.0,TA,91300
1820,7,BrkSide,1,TA,1925,50,WD,Norm,No,0.0,TA,184000
899,5,Sawyer,1,TA,1967,20,WD,Norm,No,89.0,Gd,130000
912,5,NAmes,1,TA,1958,20,WD,Norm,No,0.0,TA,120000
1218,6,BrDale,1,TA,1973,160,WD,Norm,No,285.0,TA,113000
1768,7,Somerst,2,Gd,2005,60,WD,Norm,No,0.0,Gd,226700
1214,5,Edwards,2,TA,1965,20,WD,Feedr,No,0.0,TA,140000
1801,7,Crawfor,2,TA,1959,20,WD,Norm,No,0.0,TA,289000
1322,6,NPkVill,2,TA,1974,160,WD,Norm,No,0.0,TA,147000
1960,5,OldTown,2,TA,1952,90,COD,Artery,No,360.0,TA,124500
1911,8,SawyerW,2,Gd,1993,60,WD,Norm,No,125.0,Gd,215000
1218,6,Somerst,2,Gd,2009,20,New,Norm,No,0.0,Gd,208300
1378,7,OldTown,2,TA,1928,70,WD,Norm,No,0.0,Gd,161000
1041,5,NAmes,1,TA,1959,20,WD,Norm,No,132.0,TA,124500
1363,5,NAmes,1,TA,1951,20,WD,Norm,No,70.0,TA,164900
1368,7,NridgHt,2,Gd,2005,120,New,Norm,No,94.0,Gd,202665
864,5,NAmes,2,TA,1958,20,WD,Feedr,No,0.0,TA,129900
1080,6,Mitchel,2,TA,1983,20,WD,Norm,No,0.0,TA,134000
789,5,Crawfor,1,TA,1926,45,WD,Norm,No,0.0,TA,96500
2020,10,NridgHt,3,Ex,2009,20,New,Norm,No,305.0,Ex,402861
2344,7,NoRidge,3,Gd,1996,60,WD,Norm,No,921.0,Gd,265000
2080,7,Crawfor,1,Gd,1926,70,WD,Norm,No,0.0,Gd,234000
1244,6,NAmes,1,TA,1957,20,WD,Feedr,No,0.0,TA,150000
1664,6,BrkSide,2,TA,1947,50,WD,Feedr,No,0.0,TA,159000
4676,10,Edwards,3,Ex,2007,60,New,PosN,Gd,762.0,Ex,184750
2398,7,NoRidge,3,Gd,1996,60,WD,Norm,No,594.0,Gd,315750
1266,7,Somerst,2,Gd,2005,20,WD,Norm,No,0.0,Gd,176000
928,5,NAmes,1,Gd,1956,20,WD,Norm,No,0.0,TA,132000
2713,9,NridgHt,3,Ex,2008,60,New,Norm,Av,268.0,Ex,446261
1509,6,Timber,2,Gd,1988,80,WD,Norm,Av,219.0,Gd,175000
1362,6,BrkSide,2,Fa,1920,70,WD,RRNn,Mn,0.0,TA,128000
1414,8,Gilbert,2,Ex,2004,60,WD,Norm,Av,0.0,Gd,178000
1724,7,CollgCr,2,Gd,1998,60,WD,Norm,Av,0.0,Gd,188000
1838,9,Timber,3,Ex,2006,20,WD,Norm,Av,584.0,Ex,315000
1680,7,NWAmes,2,Ex,1998,20,WD,RRAn,No,0.0,Gd,213250
767,7,NAmes,1,Gd,1998,120,WD,Norm,Av,182.0,TA,133000
1496,7,Gilbert,2,Gd,2006,60,New,Norm,Av,0.0,Gd,179665
1635,6,BrkSide,2,Gd,1923,50,WD,Norm,No,0.0,TA,210000
768,5,Mitchel,2,Gd,1970,85,WD,Norm,Av,0.0,TA,129500
825,5,OldTown,2,TA,1955,20,WD,Feedr,No,0.0,TA,125000
2094,7,Somerst,2,Gd,2003,60,WD,Norm,No,0.0,Gd,263000
1069,6,NPkVill,2,Gd,1977,120,COD,Norm,No,0.0,TA,140000
928,5,OldTown,1,TA,1957,20,WD,Norm,No,0.0,TA,112500
1717,8,NridgHt,3,Ex,2006,20,WD,Norm,Av,250.0,Gd,255500
2046,7,NridgHt,3,Gd,2003,60,WD,Norm,No,292.0,Gd,284000
1048,5,BrkSide,1,TA,1922,45,WD,Norm,No,0.0,TA,113000
1092,5,NAmes,1,TA,1957,20,WD,Norm,No,0.0,TA,141000
1336,4,IDOTRR,1,TA,1920,50,COD,Norm,No,0.0,TA,108000
1446,7,Gilbert,2,Gd,1996,60,WD,Norm,Gd,0.0,TA,175000
1389,5,Mitchel,2,Gd,1974,20,WD,Norm,Av,0.0,TA,170000
1674,6,Edwards,2,Gd,1918,50,WD,Norm,Mn,0.0,TA,185000
1647,6,SWISU,1,Gd,1915,70,WD,Norm,No,0.0,Fa,128000
2504,9,StoneBr,3,Gd,2005,60,WD,Norm,No,245.0,Ex,325000
1535,7,NridgHt,2,Gd,2004,20,WD,Norm,No,168.0,Gd,214000
2132,8,SawyerW,2,Gd,1983,50,WD,Norm,Gd,0.0,Gd,316600
1728,5,NAmes,2,TA,1965,90,WD,Norm,No,108.0,TA,142600
864,6,NAmes,1,TA,1959,20,WD,Norm,No,207.0,Gd,120000
1692,7,Timber,2,Ex,2009,60,New,Norm,Av,0.0,Gd,224500
1430,7,Gilbert,2,Gd,2000,80,WD,Norm,No,0.0,TA,170000
1109,5,NAmes,1,TA,1971,80,WD,Norm,Av,82.0,TA,139000
1216,5,NAmes,1,TA,1947,50,COD,Norm,No,0.0,TA,118500
1477,7,SWISU,1,TA,1928,50,WD,Norm,No,0.0,TA,145000
1320,5,Sawyer,2,TA,1966,80,WD,Norm,Av,97.0,TA,164500
1392,7,Somerst,2,Gd,2007,160,WD,Norm,No,0.0,Gd,146000
1795,5,OldTown,1,TA,1954,50,WD,Norm,No,335.0,TA,131500
2042,8,NridgHt,3,Ex,2008,20,New,Norm,No,306.0,Ex,253293
2775,10,OldTown,2,TA,1893,75,WD,Artery,No,0.0,Gd,325000
1573,4,BrkSide,1,TA,1935,50,WD,Norm,No,0.0,Gd,133000
2028,8,Timber,3,Ex,2005,20,New,Norm,Gd,208.0,Gd,369900
838,6,BrkSide,1,TA,1918,30,WD,RRAn,Mn,0.0,Fa,130000
860,5,Sawyer,2,TA,1982,85,WD,Norm,Av,0.0,TA,137000
1473,5,ClearCr,1,TA,1968,20,WD,Norm,Gd,0.0,Ex,143000
935,5,BrkSide,1,TA,1930,40,WD,RRAn,No,0.0,TA,79500
1582,7,CollgCr,2,Gd,2004,60,WD,Norm,No,0.0,Gd,185900
2296,10,NridgHt,3,Ex,2008,60,ConLI,Norm,Gd,420.0,Ex,451950
816,5,Mitchel,2,TA,1982,20,WD,Norm,No,0.0,TA,138000
924,5,CollgCr,1,Gd,1975,20,WD,Norm,No,0.0,TA,110000
1826,8,StoneBr,3,Gd,2005,20,New,Norm,Gd,238.0,Gd,319000
1368,6,OldTown,1,TA,1910,70,WD,Norm,No,0.0,TA,114504
1402,7,Blmngtn,3,Ex,2006,120,New,Norm,Av,72.0,Gd,194201
1647,5,Crawfor,2,Gd,1977,20,WD,Norm,Mn,459.0,Gd,217500
1556,6,Blueste,2,Gd,1980,160,COD,Norm,No,0.0,TA,151000
1904,8,NridgHt,2,Gd,2005,60,WD,Norm,Av,280.0,Ex,275000
1375,6,IDOTRR,1,TA,1937,50,WD,Norm,No,0.0,Gd,141000
1915,8,SawyerW,2,Gd,1992,60,WD,Norm,Mn,0.0,Gd,220000
1200,7,Somerst,2,Gd,2004,160,WD,Norm,No,0.0,Gd,151000
1494,7,CollgCr,2,Gd,2002,20,WD,Norm,Mn,99.0,Gd,221000
1986,7,NAmes,2,TA,1965,60,WD,Norm,No,176.0,TA,205000
1040,5,CollgCr,2,Gd,1996,20,WD,Norm,No,0.0,Gd,152000
2008,5,Edwards,1,TA,1948,20,WD,Norm,No,0.0,Ex,225000
3194,8,Crawfor,2,Gd,1934,70,WD,Norm,Mn,0.0,TA,359100
1029,4,Sawyer,1,TA,1961,20,WD,Feedr,Mn,192.0,TA,118500
1054,6,NAmes,2,TA,1963,85,WD,Feedr,Gd,156.0,Gd,137500
832,6,NAmes,2,TA,1954,45,WD,Artery,No,0.0,Gd,105500
1828,9,NridgHt,3,Ex,2007,20,New,Norm,Av,452.0,Gd,314813
2262,8,Timber,3,Gd,2003,60,WD,Norm,Gd,226.0,Gd,305000
2614,6,NWAmes,2,TA,1974,60,WD,Norm,No,0.0,TA,240000
980,5,Sawyer,2,TA,1977,20,WD,Norm,No,153.0,TA,135000
1790,6,NWAmes,2,TA,1972,60,WD,Norm,No,288.0,TA,165150
1116,6,NAmes,2,TA,1962,20,WD,Norm,No,261.0,TA,160000
1520,6,NAmes,1,TA,1955,80,WD,Norm,Av,164.0,TA,153000
2080,5,NAmes,2,Gd,1969,60,WD,Norm,Av,192.0,Fa,135000
1350,6,NAmes,2,TA,1964,80,WD,Feedr,Gd,259.0,TA,168500
1750,5,OldTown,1,Fa,1880,70,WD,Artery,No,0.0,Ex,124000
1554,8,NridgHt,2,Gd,2006,120,WD,Norm,Mn,108.0,Gd,209500
1411,7,NWAmes,2,TA,1977,20,WD,Norm,No,209.0,TA,82500
1056,5,NAmes,1,TA,1954,20,WD,Norm,No,0.0,TA,139400
1056,6,OldTown,2,TA,1980,90,WD,Norm,No,0.0,TA,144000
1387,5,OldTown,1,TA,1954,190,WD,Norm,No,0.0,Gd,93000
1567,8,Blmngtn,3,Gd,2006,120,New,Norm,Av,0.0,Ex,264561
1518,8,NridgHt,2,Ex,2003,120,WD,Norm,Gd,472.0,Ex,274000
2704,8,NAmes,2,Gd,1972,80,WD,Norm,Gd,0.0,Ex,345000
1620,5,NWAmes,2,TA,1969,60,WD,RRAn,No,263.0,TA,152000
1766,9,Somerst,3,Ex,2009,20,New,Norm,Mn,162.0,Ex,370878
1094,6,Edwards,2,TA,1953,20,WD,Norm,Mn,216.0,TA,155000
1839,6,NAmes,2,TA,1966,60,WD,PosN,No,351.0,TA,155000
1510,4,Edwards,1,TA,1940,70,WD,Artery,Mn,0.0,TA,108000
1716,7,CollgCr,2,Gd,1996,60,WD,Norm,No,0.0,Gd,191000
1469,6,IDOTRR,1,TA,1906,50,WD,Norm,No,0.0,TA,135000
2113,8,NoRidge,3,Gd,1995,20,WD,Norm,Gd,660.0,Gd,350000
1092,6,BrDale,1,TA,1971,160,WD,Norm,No,381.0,TA,88000
1053,5,NAmes,1,TA,1959,20,WD,Norm,No,54.0,Gd,145500
1502,7,Crawfor,1,Gd,1931,70,WD,Norm,No,0.0,TA,149000
1458,6,NAmes,1,TA,1948,50,WD,Artery,No,0.0,TA,97500
1486,5,Edwards,2,TA,1964,20,WD,Norm,No,0.0,TA,167000
2448,8,NoRidge,3,Gd,1994,60,WD,Norm,No,528.0,Gd,402000
1392,6,NAmes,2,Fa,1968,20,WD,Norm,No,216.0,TA,110000
1181,4,Edwards,2,Gd,1972,85,WD,Norm,Av,0.0,TA,137500
2097,8,Somerst,3,Ex,2005,20,New,RRAn,Mn,0.0,Ex,423000
1936,8,Gilbert,2,Gd,2000,60,WD,Norm,No,40.0,Gd,230500
1679,6,SawyerW,2,Gd,1994,20,WD,Norm,No,258.0,Gd,193500
1180,4,Crawfor,1,Fa,1922,30,WD,Norm,No,0.0,Fa,137500
1476,6,CollgCr,2,Gd,2005,60,WD,Norm,No,0.0,Gd,173500
1369,6,Edwards,1,TA,1925,70,WD,Artery,No,0.0,TA,103600
1839,6,Crawfor,2,TA,1957,20,WD,Norm,No,106.0,Gd,257500
1136,6,NAmes,1,TA,1965,20,WD,Norm,No,0.0,TA,140000
1441,6,NPkVill,2,TA,1978,160,WD,Norm,No,0.0,TA,148500
1774,4,OldTown,3,TA,1900,70,WD,Norm,No,0.0,TA,87000
792,5,OldTown,1,TA,1924,30,WD,Norm,No,0.0,Gd,109500
2046,8,StoneBr,3,Ex,2008,20,New,Norm,Mn,464.0,Gd,372500
923,6,SawyerW,1,Gd,1980,120,WD,Norm,No,0.0,TA,143000
1520,5,SWISU,1,TA,1932,50,WD,Norm,No,0.0,TA,159434
1668,9,CollgCr,3,Gd,2002,20,WD,Norm,Av,215.0,Gd,285000
1839,7,NoRidge,2,Gd,1998,60,WD,Norm,No,30.0,TA,221000
1761,7,Somerst,2,Gd,2007,60,New,Norm,No,0.0,Gd,227875
1419,8,StoneBr,2,Gd,2007,20,New,Norm,Av,0.0,Gd,392000
1362,6,NridgHt,2,Gd,2005,120,WD,Norm,Av,256.0,Gd,194700
4316,10,NoRidge,3,Ex,1994,60,WD,Norm,Gd,1170.0,Ex,755000
2519,7,Timber,2,Gd,1989,60,WD,Norm,Gd,293.0,Gd,335000
1073,5,OldTown,1,TA,1921,30,WD,Norm,No,0.0,TA,108480
1539,5,BrkSide,2,TA,1936,50,WD,Norm,No,0.0,TA,141500
1137,6,Timber,2,Gd,1987,20,WD,Norm,No,72.0,Gd,176000
616,5,BrkSide,1,TA,1921,30,WD,Norm,No,0.0,TA,89000
1148,5,Edwards,1,Ex,1952,20,WD,Norm,Mn,0.0,TA,123500
894,5,Sawyer,1,TA,1965,20,WD,RRAe,No,0.0,TA,138500
1391,7,Somerst,2,Gd,2004,120,WD,Norm,Mn,0.0,Gd,196000
1800,8,Timber,3,Ex,2002,20,WD,Norm,Gd,630.0,Gd,312500
1164,7,NWAmes,2,TA,1969,20,COD,Norm,No,168.0,TA,140000
2576,8,StoneBr,3,Ex,2006,60,New,Norm,No,466.0,Ex,361919
1812,5,OldTown,2,Gd,1900,190,WD,Feedr,No,0.0,Gd,140000
1484,7,CollgCr,2,Gd,2004,20,WD,Norm,Av,109.0,Gd,213000
1324,8,NridgHt,2,Gd,2006,120,WD,Norm,No,176.0,Gd,254000
1456,7,Gilbert,2,Gd,2007,60,New,Norm,Av,0.0,Gd,179540
1178,4,IDOTRR,1,TA,1900,50,WD,Norm,Mn,0.0,TA,102776
1228,8,StoneBr,2,Gd,1988,120,WD,Norm,Mn,0.0,Gd,189000
960,4,BrkSide,2,TA,1970,190,WD,RRAn,Av,160.0,TA,129000
1350,6,NWAmes,2,Gd,1974,20,WD,Norm,No,174.0,TA,165000
2554,7,OldTown,2,TA,1890,70,WD,Norm,No,0.0,TA,159500
1178,5,NWAmes,2,Gd,1973,20,WD,Norm,No,0.0,Gd,157000
2418,7,NoRidge,3,Gd,1993,60,WD,Norm,Gd,651.0,Gd,341000
971,5,CollgCr,1,Gd,1969,20,WD,Norm,Gd,0.0,TA,128500
864,4,NAmes,2,TA,1970,20,WD,Norm,No,0.0,TA,124500
1470,4,Edwards,1,TA,1954,50,WD,Norm,No,0.0,TA,135000
1698,9,Edwards,3,Ex,2007,20,WD,Norm,No,340.0,Ex,320000
864,4,NAmes,2,TA,1970,20,WD,Norm,No,0.0,Gd,120500
1232,7,CollgCr,2,Gd,2007,20,WD,Norm,Av,82.0,Gd,194500
1776,5,NAmes,3,TA,1958,90,COD,Norm,No,95.0,TA,110000
1208,4,IDOTRR,2,TA,1925,30,WD,Norm,No,0.0,TA,103000
1616,8,StoneBr,2,Gd,1995,120,WD,Norm,No,0.0,Gd,236500
1146,7,Timber,2,Ex,2003,80,WD,Norm,Av,442.0,Gd,187500
2031,7,CollgCr,2,Gd,1998,60,WD,Norm,Av,202.0,Gd,222500
1144,5,Sawyer,1,TA,1961,20,WD,Feedr,No,0.0,TA,131400
1768,7,OldTown,2,Gd,1914,75,WD,Norm,Mn,0.0,TA,163000
1801,8,Gilbert,3,Gd,2005,60,WD,Norm,No,0.0,Gd,239900
1728,7,CollgCr,2,Gd,2004,60,WD,Norm,No,0.0,Gd,190000
1432,5,OldTown,2,Fa,1910,70,WD,Norm,No,0.0,TA,132000
912,6,Sawyer,1,TA,1961,20,WD,Feedr,Mn,0.0,Gd,142000
1349,7,SawyerW,2,Gd,2000,20,WD,Norm,No,108.0,TA,179000
1464,5,Sawyer,2,Gd,1963,80,WD,Norm,Av,0.0,TA,175000
1337,8,StoneBr,2,Gd,1993,120,WD,Norm,No,0.0,Gd,180000
2640,7,OldTown,4,TA,1880,70,WD,Norm,No,0.0,Gd,265979
1720,7,NoRidge,2,Gd,1996,20,WD,Norm,No,338.0,Gd,260400
1494,6,CollgCr,2,Gd,1997,20,WD,Norm,Gd,0.0,Gd,217000
2098,8,NridgHt,3,Gd,2005,60,WD,Norm,Mn,178.0,Ex,275500
1026,6,NAmes,2,TA,1969,20,WD,Norm,No,0.0,Gd,156000
1471,6,Somerst,2,Gd,1999,160,WD,Norm,No,894.0,TA,172500
1768,8,CollgCr,2,Gd,2007,60,WD,Norm,Av,0.0,Gd,212000
1501,7,Somerst,2,Gd,1999,160,WD,Norm,No,360.0,TA,179400
2531,8,NoRidge,3,Gd,1995,60,WD,Norm,Av,513.0,Gd,290000
864,6,NAmes,1,TA,1959,20,WD,Norm,No,0.0,TA,127500
1301,5,BrkSide,2,TA,1924,30,WD,Feedr,Mn,0.0,Fa,100000
1547,7,Somerst,2,Gd,2009,60,Con,Norm,Mn,0.0,Gd,215200
2365,8,NoRidge,3,Gd,1999,60,WD,Norm,Mn,673.0,Gd,337000
1494,8,Veenker,2,Gd,1995,120,WD,Norm,Av,0.0,Ex,270000
1506,9,Somerst,2,Gd,2008,20,New,Norm,No,284.0,Ex,264132
1714,7,NWAmes,2,Gd,1988,60,WD,Norm,No,42.0,TA,196500
1750,6,Mitchel,1,Gd,1940,50,WD,Norm,Mn,0.0,TA,160000
1836,7,CollgCr,2,Gd,2004,20,WD,Norm,No,0.0,Gd,216837
3279,8,StoneBr,3,Gd,2003,60,WD,Norm,Gd,603.0,Ex,538000
1220,4,Edwards,2,Fa,1951,20,COD,Norm,No,0.0,TA,102000
1117,6,Edwards,2,TA,1976,80,WD,Norm,Av,0.0,TA,107000
912,5,NAmes,1,TA,1958,20,COD,Feedr,No,1.0,TA,114500
1973,8,NridgHt,3,Gd,2006,20,New,Norm,Av,375.0,Gd,395000
1204,6,Mitchel,2,Ex,1998,120,WD,Norm,No,320.0,TA,162000
1614,7,CollgCr,3,Gd,2005,20,New,Norm,Av,240.0,Gd,221500
894,5,Sawyer,2,TA,1974,20,WD,Norm,No,0.0,TA,142500
1004,6,Mitchel,2,Gd,1977,90,WD,Norm,Gd,90.0,TA,135000
1253,7,Gilbert,2,Gd,1995,20,WD,Norm,No,38.0,TA,176000
1603,6,SawyerW,2,Gd,1992,60,WD,Norm,No,0.0,Gd,175900
1430,7,CollgCr,2,Gd,2001,20,WD,Norm,No,0.0,Gd,187100
1652,5,OldTown,1,Fa,1915,50,WD,Artery,No,0.0,TA,139000
2084,7,SawyerW,2,Gd,2004,60,WD,Norm,No,0.0,Gd,233000
901,4,OldTown,1,TA,1954,20,WD,Norm,No,0.0,TA,107900
1145,7,Blmngtn,2,Gd,2005,120,WD,Norm,No,11.0,Gd,160200
2013,7,NoRidge,2,Gd,1996,60,WD,Norm,Av,0.0,TA,269790
1496,8,Somerst,2,Gd,2007,20,New,Norm,Av,140.0,Gd,225000
1564,6,SawyerW,2,Gd,1980,60,WD,Norm,No,130.0,TA,171000
1285,6,Sawyer,2,TA,1977,20,WD,Norm,No,148.0,TA,143500
773,5,NAmes,1,TA,1953,20,WD,Norm,No,0.0,TA,110000
3140,9,NridgHt,3,Ex,2008,60,New,Norm,No,860.0,Ex,485000
1768,5,SWISU,1,Gd,1937,50,WD,Feedr,No,252.0,Gd,175000
1688,6,ClearCr,2,Gd,1997,60,WD,Feedr,Gd,0.0,Gd,200000
1196,4,IDOTRR,2,TA,1916,30,WD,Norm,No,0.0,TA,109900
1456,7,CollgCr,2,Gd,2005,60,WD,Norm,Av,0.0,Gd,189000
2822,9,NridgHt,3,Ex,2008,60,New,Norm,Gd,424.0,Ex,582933
1128,5,NAmes,1,TA,1954,20,WD,Norm,No,0.0,TA,118000
1428,7,Somerst,2,Gd,2008,20,New,Norm,No,256.0,Ex,227680
980,5,NAmes,1,TA,1967,80,WD,Norm,Av,0.0,TA,135500
1576,5,BrkSide,2,TA,1923,70,WD,Norm,Gd,0.0,Gd,223500
1086,5,NAmes,2,TA,1966,80,WD,Norm,Av,1047.0,TA,159950
2138,5,OldTown,2,TA,1898,75,WD,Norm,No,0.0,TA,106000
1309,6,NWAmes,2,TA,1974,20,WD,Norm,No,99.0,Gd,181000
1044,5,IDOTRR,2,TA,1952,20,WD,Norm,Av,0.0,Fa,55993
1442,6,NAmes,1,TA,1958,20,COD,Norm,No,243.0,TA,157900
1250,5,Edwards,1,TA,1918,50,WD,Norm,No,0.0,Fa,116000
1661,7,CollgCr,2,Gd,1998,20,WD,Norm,No,442.0,Gd,224900
1052,6,ClearCr,2,TA,1971,80,WD,Norm,Av,80.0,TA,155000
1358,7,NridgHt,2,Gd,2009,120,New,Norm,Mn,128.0,Gd,224000
1640,7,CollgCr,2,Gd,2003,60,WD,Norm,No,0.0,Gd,183000
936,4,OldTown,2,Fa,1953,20,WD,Norm,No,0.0,TA,93000
1489,6,SWISU,1,TA,1940,50,WD,Norm,No,0.0,TA,139500
1489,8,Somerst,2,Gd,2006,20,New,Norm,No,0.0,Gd,232600
2084,10,NridgHt,3,Ex,2007,20,New,PosN,Av,816.0,Ex,385000
1434,7,SawyerW,2,Gd,2001,20,WD,Norm,No,0.0,Gd,189000
1223,7,Somerst,2,Gd,2005,160,WD,Norm,No,0.0,Gd,147400
1392,6,NAmes,2,TA,1957,20,WD,Norm,No,387.0,TA,166000
1200,7,Somerst,2,Gd,2005,160,WD,Norm,No,0.0,Gd,151000
1829,7,CollgCr,2,Gd,2003,60,WD,Norm,No,223.0,Gd,237000
1516,6,NAmes,2,TA,1964,20,WD,Norm,No,180.0,TA,167000
1144,5,NAmes,2,TA,1961,20,WD,Norm,No,136.0,TA,139950
1067,4,Sawyer,2,Gd,1950,20,WD,Norm,No,0.0,Gd,128000
1559,5,OldTown,2,TA,1948,30,COD,Norm,No,0.0,TA,153500
987,6,BrDale,1,TA,1973,160,WD,Norm,No,158.0,TA,100000
1099,5,CollgCr,1,Gd,1995,20,WD,Norm,No,0.0,Gd,144000
1200,5,Edwards,1,TA,1946,50,WD,Norm,No,0.0,TA,130500
1539,5,OldTown,2,TA,1904,70,WD,Norm,No,0.0,Gd,157500
1165,6,NAmes,2,TA,1966,80,WD,Norm,Gd,183.0,TA,174900
1416,5,OldTown,3,TA,1915,50,WD,Artery,Mn,0.0,TA,153900
1775,7,SawyerW,2,Gd,1993,60,WD,Norm,No,137.0,Gd,213000
864,5,CollgCr,1,TA,1972,20,WD,Norm,Av,0.0,TA,133500
2358,6,ClearCr,2,TA,1908,50,WD,Norm,No,0.0,TA,240000
1855,6,Veenker,2,TA,1976,80,WD,Feedr,No,360.0,TA,187000
848,6,CollgCr,2,Gd,2003,120,WD,Norm,Av,170.0,Gd,131500
1646,7,Crawfor,1,TA,1941,75,WD,Norm,No,0.0,TA,164000
1779,5,Sawyer,2,TA,1955,20,WD,Norm,Mn,0.0,TA,170000
1481,6,Gilbert,2,Gd,1994,60,WD,Norm,No,0.0,TA,174000
1370,7,NWAmes,2,Gd,1976,20,WD,Norm,No,189.0,TA,152000
1426,7,Crawfor,1,TA,1918,50,WD,Norm,No,0.0,Gd,189950
1039,5,Sawyer,2,TA,1965,190,WD,Norm,Mn,0.0,TA,131500
1097,6,SawyerW,2,Gd,1984,20,WD,Norm,No,0.0,TA,152000
1148,5,NAmes,1,TA,1959,20,WD,Norm,No,0.0,TA,132500
1372,7,Somerst,2,Ex,2007,20,New,Norm,No,0.0,Gd,250580
1646,8,Timber,3,Gd,2006,20,New,Norm,Av,274.0,Gd,248900
1120,4,Sawyer,2,TA,1961,20,WD,Feedr,No,0.0,Fa,129000
1949,7,SawyerW,2,Gd,1993,60,WD,Norm,No,246.0,Gd,236000
894,5,NAmes,1,TA,1962,20,WD,PosN,No,0.0,TA,109500
1682,6,CollgCr,2,Gd,1998,60,WD,Norm,No,116.0,Gd,200500
910,5,NAmes,2,TA,1953,20,WD,Norm,Av,0.0,Gd,116000
1268,5,NAmes,1,TA,1949,40,WD,Norm,No,0.0,TA,133000
1131,5,OldTown,1,TA,1941,50,WD,Artery,No,0.0,TA,66500
2610,8,Somerst,2,Gd,2007,60,New,Norm,Av,0.0,Ex,303477
1040,4,Mitchel,2,TA,1963,20,WD,Norm,Gd,0.0,TA,132250
2224,9,NridgHt,3,Ex,2004,60,WD,Norm,No,216.0,Ex,350000
1155,5,Sawyer,2,TA,1961,85,WD,Norm,Av,0.0,Gd,148000
1090,5,Edwards,2,Ex,2005,20,WD,Norm,No,0.0,TA,157000
1717,7,Timber,2,Gd,1990,50,WD,Norm,Mn,117.0,Gd,187500
2230,4,SWISU,1,TA,1912,75,WD,Norm,No,0.0,TA,118500
892,5,NAmes,1,TA,1967,20,WD,Norm,No,60.0,TA,100000
1709,9,Somerst,2,Ex,1999,120,CWD,Norm,Av,60.0,Gd,328900
1712,5,NAmes,2,TA,1959,90,WD,Norm,No,122.0,TA,145000
1393,5,Edwards,1,TA,1955,50,WD,Norm,No,0.0,TA,135500
2217,8,NAmes,2,TA,1970,20,WD,Norm,Gd,0.0,Gd,268000
1505,6,NAmes,2,TA,1953,20,WD,Feedr,No,90.0,TA,149500
924,5,NAmes,2,TA,1949,50,WD,Artery,Mn,0.0,TA,122900
1683,6,Sawyer,2,TA,1978,60,WD,Norm,No,92.0,TA,172500
1068,6,Sawyer,1,TA,1963,20,WD,Norm,No,0.0,TA,154500
1796,6,NAmes,2,TA,1963,60,WD,Norm,No,415.0,TA,140000
951,4,IDOTRR,1,TA,1936,30,WD,Norm,No,0.0,TA,106500
2364,9,NridgHt,3,Ex,2009,20,New,Norm,Gd,760.0,Ex,611657
1236,5,Sawyer,1,TA,1961,20,WD,Feedr,No,0.0,TA,135000
1306,5,NAmes,1,TA,1957,20,WD,Norm,Mn,0.0,TA,153000
1509,7,Gilbert,2,Gd,2003,60,WD,Norm,No,0.0,Gd,180000
1670,7,Gilbert,3,Gd,2006,20,New,Norm,No,27.0,Gd,240000
1063,5,NAmes,1,TA,1954,20,WD,Norm,No,110.0,TA,128000
1636,8,Somerst,3,Gd,2006,20,WD,Norm,No,208.0,Gd,255000
2057,7,Crawfor,1,Gd,1936,50,WD,Norm,No,0.0,Gd,250000
1484,6,Gilbert,2,Gd,2005,60,WD,Norm,No,0.0,Gd,174000
2274,5,NAmes,2,TA,1960,90,WD,Feedr,No,361.0,TA,154300
1015,5,BrkSide,1,TA,1925,30,WD,Norm,No,0.0,TA,88000
2002,5,Crawfor,3,TA,1949,90,WD,Norm,No,0.0,TA,145000
1224,6,Somerst,2,Gd,2009,160,New,Norm,Av,76.0,Gd,173733
1092,4,MeadowV,1,TA,1970,160,WD,Norm,No,80.0,TA,75000
480,2,IDOTRR,1,TA,1949,20,WD,Norm,Av,0.0,TA,35311
2127,7,SawyerW,3,Ex,1991,60,WD,Norm,Mn,0.0,Gd,238000
1414,6,NAmes,2,Gd,1958,20,WD,Norm,No,0.0,TA,176500
1721,6,SawyerW,2,Gd,1994,60,WD,Norm,No,105.0,Gd,201000
1316,6,Gilbert,2,Gd,2005,20,New,RRAn,No,0.0,Gd,169990
1617,6,SawyerW,2,Gd,1993,120,WD,Norm,No,0.0,Gd,193000
1686,6,NWAmes,2,Gd,1980,20,WD,Norm,No,157.0,TA,207500
2374,8,NridgHt,3,Gd,2003,60,WD,Norm,No,340.0,Ex,285000
1466,8,Timber,3,Gd,2007,20,WD,Norm,Av,0.0,Gd,201000
925,5,NAmes,1,TA,1965,20,WD,Norm,No,0.0,TA,117500
1905,9,Somerst,3,Ex,2006,20,WD,RRNn,No,302.0,Ex,320000
1500,7,CollgCr,2,Gd,2004,20,WD,Norm,Av,210.0,Gd,190000
2069,7,NAmes,2,Gd,1960,20,WD,PosA,Gd,0.0,Gd,242000
747,4,BrkSide,2,Fa,1926,30,WD,Norm,Mn,108.0,TA,79900
1971,7,Somerst,2,Gd,2005,60,WD,Norm,Mn,0.0,Gd,253000
1962,7,CollgCr,3,Gd,2006,60,New,Norm,Mn,0.0,Gd,239799
1728,6,Mitchel,2,TA,1976,90,WD,Norm,Gd,0.0,TA,150900
1632,5,Mitchel,2,TA,1967,90,WD,Norm,Av,0.0,TA,143000
1869,5,OldTown,2,TA,1890,50,WD,Norm,No,0.0,TA,124900
1144,5,NAmes,1,TA,1959,80,WD,Norm,Av,128.0,TA,143000
1629,8,Timber,3,Gd,2002,20,WD,Norm,Av,236.0,Gd,270000
1381,6,NWAmes,2,TA,1972,20,WD,Norm,No,0.0,Gd,197500
864,5,NAmes,2,TA,1950,20,WD,Norm,No,0.0,Gd,129000
965,5,SawyerW,1,TA,1965,20,WD,Norm,No,0.0,TA,119900
768,5,CollgCr,1,Gd,1972,85,WD,Norm,Av,0.0,TA,133900
1958,6,Crawfor,2,Gd,1946,90,WD,Norm,No,423.0,TA,145000
1229,6,Blueste,2,Gd,1980,160,WD,Norm,No,0.0,TA,124000
1057,5,Sawyer,2,TA,1962,20,WD,Norm,No,0.0,TA,132000
1337,7,CollgCr,2,Gd,2003,20,WD,Norm,Mn,0.0,Gd,185000
1416,7,Somerst,2,Gd,1999,160,WD,Norm,No,0.0,Gd,155000
1548,6,NPkVill,2,Gd,1976,160,WD,Norm,No,0.0,Gd,155000
1800,9,CollgCr,2,Ex,2007,20,WD,Norm,No,0.0,Ex,239000
1894,7,Timber,2,Gd,2002,60,WD,Norm,No,44.0,Gd,214900
1484,6,Gilbert,2,Gd,2005,60,New,RRAn,No,0.0,Gd,178900
1308,5,Crawfor,1,TA,1940,50,WD,Norm,No,0.0,TA,160000
1095,6,NAmes,1,TA,1958,190,ConLD,Norm,Gd,105.0,TA,140000
1626,7,NridgHt,2,Gd,2003,160,WD,Norm,No,106.0,Gd,173000
918,6,SawyerW,1,Gd,1979,120,WD,Norm,No,0.0,TA,99500
2019,7,BrkSide,2,Gd,1910,70,WD,RRAn,No,0.0,Gd,167500
894,4,Edwards,2,TA,1954,20,WD,Norm,No,0.0,TA,110000
1121,5,Sawyer,2,TA,1963,20,WD,Feedr,No,0.0,TA,139000
2612,8,NoRidge,3,Gd,1998,60,WD,Norm,No,975.0,Gd,336000
1266,7,Blmngtn,2,Gd,2007,20,WD,Norm,Av,16.0,Gd,159895
1164,5,Edwards,1,TA,1950,190,ConLD,Norm,No,0.0,TA,125000
1635,6,OldTown,1,TA,1910,50,WD,Feedr,No,0.0,Gd,117000
1940,9,NridgHt,3,Ex,2009,20,New,Norm,Av,450.0,Ex,395192
1576,7,Somerst,2,Gd,2006,60,New,Norm,No,0.0,Gd,197000
2392,8,NoRidge,3,Gd,1997,60,WD,Norm,No,423.0,Gd,348000
1742,8,OldTown,2,TA,1882,70,WD,Artery,No,0.0,Gd,168000
1851,6,NAmes,2,TA,1964,60,WD,Norm,Gd,340.0,Gd,187000
1500,6,CollgCr,2,Gd,2005,60,New,Norm,No,0.0,Gd,173900
1718,10,NridgHt,3,Ex,2006,20,WD,Norm,Gd,230.0,Ex,337500
1230,4,BrkSide,1,TA,1946,50,WD,Feedr,No,0.0,TA,121600
1077,3,IDOTRR,1,TA,1922,30,WD,Norm,No,0.0,TA,91000
1208,7,CollgCr,2,Gd,2006,20,WD,Norm,Av,24.0,Gd,206000
691,5,OldTown,1,Fa,1920,30,WD,Norm,No,0.0,Ex,86000
1574,8,Somerst,3,Gd,2006,20,WD,RRAn,No,53.0,Gd,232000
1504,7,Blmngtn,2,Gd,2005,120,WD,Norm,No,16.0,Gd,181000
985,5,CollgCr,1,Gd,1977,80,WD,Norm,Av,220.0,TA,149900
1092,4,MeadowV,1,TA,1970,160,WD,Norm,No,0.0,TA,88000
1710,7,Mitchel,2,Ex,2004,20,WD,Norm,Mn,108.0,Gd,240000
1271,5,Sawyer,1,TA,1948,50,WD,Norm,No,0.0,TA,135000
1502,6,Crawfor,1,TA,1923,70,WD,Norm,No,0.0,Gd,165000
1022,5,OldTown,1,TA,1910,30,WD,Norm,No,0.0,TA,85000
1082,6,NAmes,1,TA,1948,20,WD,Artery,No,206.0,TA,119200
1665,8,NWAmes,2,Gd,2001,60,WD,Norm,No,0.0,Gd,227000
1504,7,CollgCr,2,Gd,1996,20,WD,Norm,Gd,196.0,Gd,203000
1506,7,Blmngtn,2,Gd,2005,120,WD,Norm,Gd,145.0,Gd,213490
1132,4,Edwards,2,Gd,2005,20,WD,Norm,No,0.0,Gd,176000
1220,7,CollgCr,2,Gd,2006,20,New,Norm,Av,84.0,Gd,194000
1248,5,OldTown,1,TA,1930,50,WD,Norm,No,0.0,TA,87000
1504,7,Blmngtn,2,Gd,2005,120,WD,Norm,No,14.0,Gd,191000
882,5,CollgCr,2,TA,1972,20,WD,Norm,No,0.0,TA,112500
1264,5,NAmes,2,TA,1960,20,WD,Feedr,No,324.0,TA,167500
1646,8,Timber,3,Gd,2007,20,New,Norm,Gd,338.0,Gd,293077
1376,5,NAmes,1,TA,1941,50,WD,Artery,No,0.0,TA,105000
1218,6,BrDale,1,TA,1972,160,WD,Norm,No,281.0,TA,118000
3082,7,SWISU,2,TA,1920,75,WD,Norm,No,0.0,TA,197000
954,5,Crawfor,1,Fa,1938,30,WD,Norm,No,0.0,Fa,119750
1620,9,Timber,3,Ex,2007,20,WD,Norm,Gd,70.0,Ex,315500
630,4,MeadowV,1,Gd,1970,180,WD,Norm,Av,0.0,TA,80000
1803,5,Sawyer,2,TA,1957,20,WD,Norm,No,67.0,TA,155000
1306,6,NridgHt,2,Gd,2005,120,WD,Norm,Av,135.0,Gd,196000
2329,7,SawyerW,2,Gd,1990,60,WD,Norm,No,99.0,Gd,262280
2524,8,NWAmes,2,Gd,1981,20,WD,PosN,No,0.0,Gd,278000
2868,9,StoneBr,3,Ex,2005,60,New,Norm,Av,208.0,Ex,556581
990,5,CollgCr,2,Gd,1994,20,WD,Norm,No,0.0,TA,145000
1302,7,Gilbert,2,Gd,2007,20,New,Norm,Av,0.0,Gd,176485
1316,7,CollgCr,2,Gd,2007,20,New,Norm,Av,0.0,Gd,200141
1977,6,NAmes,2,TA,1964,60,WD,Artery,No,272.0,TA,165000
1526,5,Edwards,1,TA,1957,20,WD,Norm,Av,145.0,TA,144500
1989,8,CollgCr,2,Gd,2002,60,WD,Norm,Mn,210.0,Gd,255000
1523,6,NWAmes,2,Gd,1976,20,COD,Norm,No,160.0,TA,180000
1364,7,NridgHt,2,Gd,2005,120,WD,Norm,Av,240.0,Gd,185850
2184,9,NridgHt,3,Ex,2008,60,WD,Norm,Av,154.0,Ex,335000
1338,8,StoneBr,2,Gd,2001,120,WD,Norm,Mn,0.0,Gd,213500
894,3,IDOTRR,3,TA,1935,30,ConLD,Norm,No,0.0,TA,81000
2337,5,OldTown,2,TA,1900,190,WD,Norm,No,0.0,TA,90000
1103,6,OldTown,2,TA,1925,30,WD,Artery,No,0.0,Gd,110500
2260,7,ClearCr,2,Ex,1996,60,WD,Norm,Gd,0.0,Gd,328000
1571,6,Gilbert,2,Gd,1993,60,WD,Norm,No,0.0,TA,178000
1611,6,NAmes,2,TA,1964,60,WD,Norm,Gd,360.0,TA,167900
2521,6,MeadowV,2,Gd,1973,160,WD,Norm,No,0.0,TA,151400
893,5,NAmes,2,TA,1949,45,WD,Norm,No,0.0,Gd,135000
1048,5,NAmes,1,TA,1956,20,WD,Norm,No,120.0,TA,135000
1556,6,NWAmes,2,TA,1968,60,WD,RRAn,No,0.0,TA,154000
1456,5,Edwards,1,Fa,1948,50,WD,Artery,Mn,0.0,TA,91500
1426,6,Edwards,2,TA,1977,60,WD,Norm,No,140.0,TA,159500
1240,7,CollgCr,3,Gd,2006,20,WD,Norm,Av,0.0,Gd,194000
1740,7,Crawfor,1,TA,1940,70,CWD,Norm,No,0.0,TA,219500
1466,5,OldTown,2,Fa,1936,50,WD,Norm,No,0.0,Gd,170000
848,6,CollgCr,2,Gd,2004,120,WD,Norm,Mn,169.0,Gd,155900
990,5,CollgCr,1,Gd,1994,20,WD,Norm,No,0.0,TA,126000
1258,6,NWAmes,2,TA,1971,20,COD,Norm,No,144.0,Gd,145000
1040,5,Sawyer,1,TA,1963,20,WD,Feedr,No,0.0,TA,133000
1459,7,CollgCr,2,Gd,2002,20,WD,Norm,No,100.0,Gd,192000
1251,6,NAmes,1,TA,1964,20,WD,Norm,No,425.0,TA,160000
996,6,SawyerW,2,Gd,1992,85,WD,Norm,Av,0.0,Gd,147000
1953,8,Somerst,3,Gd,2005,60,WD,Norm,Mn,0.0,Gd,252000
1709,7,Edwards,2,Gd,2004,160,WD,Norm,No,50.0,Gd,137500
1247,8,Somerst,2,Gd,2005,120,WD,Norm,No,0.0,Gd,197000
1252,7,Somerst,2,Gd,1999,160,WD,Norm,No,212.0,Gd,160000
1694,6,SWISU,2,TA,1925,50,WD,Norm,No,0.0,TA,136500
1200,5,NAmes,2,TA,1965,20,WD,Feedr,Mn,166.0,Gd,146000
936,5,NAmes,1,TA,1956,20,WD,Norm,No,0.0,TA,129000
1314,6,CollgCr,2,Gd,2006,20,WD,Norm,No,0.0,Gd,176432
1324,4,BrkSide,1,TA,1936,50,WD,Norm,No,0.0,TA,128000
1601,7,NWAmes,2,Gd,1978,20,COD,RRAn,No,206.0,TA,157000
438,2,SWISU,1,TA,1920,30,WD,Norm,No,0.0,Fa,60000
950,5,NAmes,1,TA,1971,20,WD,Norm,No,0.0,TA,119500
1134,5,NAmes,1,TA,1960,20,WD,Norm,No,45.0,TA,135000
1194,6,NAmes,2,TA,1959,20,WD,Norm,Mn,0.0,TA,159500
1302,5,BrDale,2,TA,1970,160,WD,Norm,No,304.0,TA,106000
2622,8,NoRidge,2,Ex,1994,60,WD,Norm,Av,362.0,Gd,325000
1442,7,SawyerW,2,Gd,1990,20,WD,Feedr,Mn,0.0,Gd,179900
2021,7,Gilbert,2,Ex,2006,60,New,Norm,No,0.0,Gd,274725
1836,8,NridgHt,3,Ex,2004,20,WD,Norm,Mn,42.0,Gd,280000
1964,7,NWAmes,2,TA,1976,60,WD,Norm,No,660.0,TA,205000
816,5,NAmes,1,TA,1957,20,WD,Norm,No,0.0,TA,129900
1008,5,NAmes,1,TA,1953,20,WD,Norm,No,0.0,Gd,134500
833,5,OldTown,1,TA,1954,20,WD,Norm,No,0.0,Gd,117000
1734,8,NridgHt,3,Ex,2007,20,New,Norm,No,328.0,Ex,318000
894,5,Sawyer,2,TA,1967,20,WD,Feedr,No,0.0,Gd,130000
1601,5,Sawyer,1,TA,1958,80,WD,Norm,No,0.0,TA,140000
1040,5,NAmes,1,TA,1959,20,WD,Norm,No,0.0,TA,133700
1012,6,IDOTRR,1,TA,1920,30,WD,Norm,No,0.0,TA,118400
1552,7,CollgCr,3,Gd,2005,20,New,Norm,Av,196.0,Gd,212900
1005,4,NAmes,2,TA,1955,20,WD,Norm,No,0.0,Fa,115000
1555,7,Blmngtn,3,Gd,2007,120,WD,Norm,No,130.0,Gd,174000
1530,7,Gilbert,3,Gd,2004,20,WD,Norm,Av,0.0,Gd,259000
1959,7,Gilbert,2,Gd,2004,60,WD,Norm,Av,0.0,Gd,215000
936,5,OldTown,2,Gd,1980,90,WD,Norm,Gd,180.0,TA,140000
1981,4,SWISU,2,TA,1928,50,WD,Norm,No,0.0,Gd,135000
2210,6,OldTown,1,TA,1880,70,WD,Norm,Mn,0.0,Fa,117500
2020,8,SawyerW,2,Gd,1995,60,WD,Norm,No,0.0,Gd,239500
1600,6,Gilbert,2,Gd,1997,60,WD,Norm,Av,0.0,TA,169000
986,6,BrkSide,1,TA,1926,30,WD,Norm,No,0.0,TA,102000
1252,6,NAmes,1,TA,1950,50,WD,Norm,No,0.0,TA,119000
1167,5,BrkSide,2,TA,1920,30,WD,Norm,No,0.0,TA,144000
952,5,NAmes,2,TA,1951,20,COD,Norm,Mn,0.0,TA,139000
2828,8,CollgCr,3,Ex,2006,60,New,Norm,Gd,340.0,Gd,424870
924,4,Edwards,1,Gd,1941,190,WD,Norm,No,0.0,Fa,80000
1576,5,BrkSide,1,TA,1928,50,WD,Norm,No,0.0,TA,149000
1564,7,Crawfor,1,TA,1941,70,WD,Norm,No,0.0,Fa,174500
1482,7,OldTown,2,TA,1920,70,WD,Artery,No,0.0,TA,143000
932,6,NAmes,1,TA,1950,20,WD,Norm,No,0.0,Gd,124000
1466,5,Edwards,2,TA,1959,20,WD,Norm,No,132.0,Fa,149900
1811,6,Crawfor,2,TA,1956,20,WD,Norm,No,0.0,Ex,230000
1437,5,Veenker,2,Gd,1976,20,WD,Norm,Gd,0.0,Gd,218000
1265,5,NAmes,2,TA,1965,80,WD,Norm,Gd,0.0,Gd,179900
1314,7,NridgHt,2,Gd,2007,120,WD,Norm,No,166.0,Gd,230000
1580,8,Somerst,3,Gd,2007,20,ConLD,Feedr,No,186.0,Gd,235128
1876,6,NWAmes,2,TA,1974,60,WD,Norm,No,270.0,Gd,185000
1456,6,NPkVill,2,Gd,1978,160,WD,Norm,No,0.0,TA,146000
894,5,Sawyer,2,Gd,1968,20,WD,Norm,No,0.0,TA,129000
1258,4,Sawyer,2,Gd,1969,90,WD,Feedr,Av,0.0,TA,108959
1502,7,NridgHt,2,Gd,2009,20,New,Norm,No,268.0,Gd,233170
1694,8,CollgCr,3,Gd,2008,20,WD,Norm,Av,72.0,Gd,245350
1671,6,Gilbert,2,Gd,2000,60,WD,RRAn,No,0.0,TA,173000
2108,6,Edwards,2,TA,1935,70,WD,Norm,No,0.0,Gd,235000
3627,10,NoRidge,3,Ex,1995,60,WD,Norm,Gd,1378.0,Gd,625000
1118,6,Mitchel,1,TA,1977,80,WD,Norm,Av,0.0,TA,171000
1261,6,NAmes,2,TA,1958,20,WD,Norm,No,0.0,TA,163000
1250,7,Somerst,2,Gd,2006,160,WD,Norm,No,0.0,Gd,171900
2345,6,Crawfor,2,Gd,1932,70,WD,Norm,No,0.0,TA,239000
2872,8,NoRidge,2,Gd,1992,50,WD,Norm,No,337.0,Gd,285000
923,5,Mitchel,1,TA,1984,20,WD,Norm,No,0.0,TA,119500
1343,5,Crawfor,1,TA,1921,50,WD,Norm,No,0.0,TA,154900
1652,8,Crawfor,2,Ex,2008,120,New,Norm,Gd,186.0,Gd,392500
4476,10,NoRidge,3,Ex,1996,60,WD,Norm,Av,0.0,Ex,745000
1130,5,OldTown,2,TA,1920,30,WD,Norm,No,0.0,TA,120000
1572,5,Timber,3,TA,1963,20,WD,Norm,Gd,226.0,TA,186700
1221,5,Edwards,1,TA,1924,50,WD,Norm,No,0.0,TA,104900
1699,3,OldTown,2,Fa,1900,190,WD,Artery,Mn,0.0,TA,95000
1624,8,NoRidge,3,Gd,1994,20,WD,Norm,No,0.0,Gd,262000
1660,7,CollgCr,2,Gd,2002,60,WD,Norm,No,95.0,Gd,195000
1804,7,Gilbert,2,TA,1999,60,WD,Norm,No,0.0,Gd,189000
1441,8,Somerst,2,Gd,1999,160,WD,Norm,No,456.0,Gd,174000
1472,5,OldTown,1,TA,1925,50,WD,Norm,Mn,0.0,Gd,125000
1352,6,Sawyer,1,TA,1969,60,WD,Norm,No,143.0,TA,158000
1456,6,Gilbert,2,Gd,2005,60,WD,Norm,No,0.0,Gd,176000
1863,7,Gilbert,3,Gd,2006,60,New,Norm,Av,0.0,Gd,219210
1690,7,OldTown,1,TA,1916,75,ConLw,Norm,No,0.0,TA,144000
1212,7,CollgCr,2,Gd,2001,20,WD,Norm,No,0.0,Gd,178000
1382,4,Sawyer,2,TA,1963,20,WD,Norm,No,51.0,TA,148000
864,4,NAmes,1,TA,1970,20,Oth,Norm,No,0.0,TA,116050
1779,7,CollgCr,2,Gd,1998,60,WD,Norm,Av,0.0,Gd,197900
1348,5,BrkSide,1,TA,1925,50,WD,Norm,No,0.0,TA,117000
1630,7,CollgCr,2,Gd,2000,20,WD,Norm,No,171.0,Gd,213000
1074,5,NWAmes,2,Gd,1975,20,WD,Norm,No,0.0,TA,153500
2196,7,SawyerW,3,Gd,1990,20,WD,Norm,Mn,234.0,Gd,271900
1700,6,CollgCr,2,Gd,2003,20,WD,Norm,Av,120.0,Gd,200000
1283,5,NAmes,2,TA,1962,20,WD,Norm,No,0.0,TA,140000
1660,8,Somerst,2,Ex,2006,20,New,RRNn,Mn,420.0,Gd,290000
1845,6,SawyerW,2,Gd,1992,60,WD,Norm,No,0.0,Gd,189000
1752,8,Gilbert,2,Gd,1988,50,WD,Norm,Av,0.0,TA,164000
672,4,Edwards,1,TA,1941,30,WD,Norm,No,0.0,TA,113000
999,5,NAmes,1,TA,1962,85,WD,Norm,Av,0.0,TA,134500
894,5,Sawyer,1,TA,1966,20,WD,Norm,No,0.0,TA,125000
1314,8,Somerst,2,Gd,2009,20,New,Norm,Mn,72.0,Gd,229456
912,5,NAmes,1,TA,1964,20,WD,Norm,No,0.0,TA,115000
1211,5,Sawyer,1,TA,1968,20,WD,Feedr,No,0.0,TA,134000
1846,6,NAmes,1,TA,1949,50,WD,Artery,Mn,320.0,TA,143000
2136,5,NAmes,2,TA,1951,20,WD,Norm,No,44.0,TA,137900
1490,7,Gilbert,2,Gd,2004,60,WD,RRAn,Av,0.0,Gd,184000
1138,6,NAmes,1,TA,1958,80,WD,Norm,Av,63.0,TA,145000
1933,6,Somerst,3,Gd,2007,60,WD,Feedr,Mn,74.0,Gd,214000
912,5,NAmes,2,TA,1965,20,WD,Norm,No,300.0,Gd,147000
1702,9,NridgHt,3,Ex,2008,120,New,Norm,No,766.0,Ex,367294
1507,5,NAmes,1,TA,1960,80,WD,Norm,No,0.0,TA,127000
1190,5,NAmes,2,TA,1962,90,WD,Norm,Av,120.0,TA,132500
1784,5,Crawfor,1,Gd,1914,70,WD,Norm,Mn,0.0,TA,138887
1626,7,NridgHt,2,Gd,2003,160,WD,Norm,No,106.0,Gd,175500
1948,7,CollgCr,2,Gd,2004,60,WD,Norm,No,0.0,Gd,195000
1141,6,SawyerW,2,Gd,2005,20,WD,RRAe,No,0.0,TA,142500
1484,8,Timber,2,Gd,2006,20,WD,Norm,Av,32.0,Ex,265900
1768,7,CollgCr,2,Gd,2003,60,WD,Norm,No,252.0,Gd,224900
1689,7,Somerst,3,Gd,2007,20,New,Norm,Av,0.0,Gd,248328
1173,7,NWAmes,2,Gd,1974,85,WD,Norm,Gd,81.0,Gd,170000
1868,6,NWAmes,2,Gd,1984,80,WD,Norm,No,74.0,TA,178000
1553,7,Somerst,2,Gd,2005,60,New,Norm,No,0.0,Gd,186500
2058,6,OldTown,2,Gd,1917,75,WD,Norm,No,0.0,TA,129500
988,5,NAmes,1,TA,1950,20,WD,Norm,No,0.0,TA,119000
2110,7,NAmes,2,TA,1968,20,WD,Norm,No,0.0,Ex,244000
874,5,Mitchel,1,TA,1968,20,WD,Norm,No,0.0,TA,130000
1656,7,Edwards,2,Gd,2003,60,WD,Norm,No,92.0,Gd,165400
1367,6,BrkSide,1,TA,1931,50,WD,Norm,No,0.0,TA,127500
1987,8,NoRidge,2,Gd,1994,20,WD,Norm,Gd,554.0,Gd,301500
1166,7,Gilbert,2,Gd,2005,80,WD,Norm,Gd,182.0,Gd,190000
1054,6,NAmes,2,Gd,1969,20,WD,Norm,No,0.0,TA,151000
1050,5,NAmes,1,TA,1956,20,WD,Norm,No,0.0,TA,128900
1824,6,BrkSide,2,TA,1919,70,WD,Norm,No,0.0,TA,180500
1337,6,NAmes,2,Gd,1998,120,COD,Norm,No,0.0,Gd,181000
1452,7,Somerst,2,Gd,1999,160,WD,Norm,No,218.0,Gd,183900
1889,7,OldTown,1,TA,1910,190,WD,Feedr,No,0.0,TA,122000
2018,9,Timber,3,Ex,2008,20,WD,Norm,Gd,0.0,Ex,378500
1524,5,NAmes,1,TA,1958,50,WD,Feedr,No,180.0,TA,144000
1357,6,Edwards,1,TA,1959,80,WD,Norm,Av,84.0,Ex,177000
1250,5,Crawfor,2,TA,1910,50,WD,Norm,No,0.0,TA,139000
1920,5,NAmes,2,TA,1948,90,WD,Feedr,No,567.0,TA,137000
1128,4,IDOTRR,2,TA,1920,50,COD,Norm,No,0.0,TA,68400
1573,7,CollgCr,2,Gd,2002,20,WD,Norm,No,110.0,Gd,227000
1339,7,Timber,2,Gd,1990,20,WD,Norm,No,54.0,TA,180000
1040,5,CollgCr,2,Gd,1977,20,WD,Norm,Mn,0.0,Gd,150500
2447,6,SWISU,1,TA,1919,50,WD,Feedr,No,0.0,Gd,169000
1412,6,BrkSide,1,TA,1939,50,WD,Norm,No,0.0,TA,132500
1659,8,StoneBr,2,Gd,2000,120,WD,Norm,No,0.0,Ex,278000
1970,8,NridgHt,3,Gd,2006,60,New,Norm,Mn,788.0,Ex,281000
1302,5,BrDale,1,TA,1972,160,WD,Norm,No,268.0,TA,119500
2372,5,OldTown,1,TA,1892,70,WD,Norm,No,0.0,TA,107500
1664,7,NWAmes,2,Gd,1976,60,WD,Norm,No,0.0,TA,162900
864,5,Edwards,2,TA,1955,20,WD,Norm,No,0.0,TA,115000
1052,5,NAmes,1,TA,1968,20,WD,Feedr,Av,168.0,TA,138500
1128,5,NAmes,2,TA,1963,20,WD,Norm,Mn,148.0,TA,155000
1072,6,Edwards,2,Gd,2005,180,New,Norm,Gd,82.0,TA,140000
5642,10,Edwards,2,Ex,2008,60,New,Feedr,Gd,796.0,Ex,160000
1246,5,NAmes,1,TA,1959,20,WD,Norm,No,0.0,Gd,154000
2526,8,NoRidge,3,Gd,1994,60,WD,Norm,No,391.0,Gd,290000
1616,7,Somerst,3,Gd,2005,20,WD,Norm,Av,228.0,Gd,232000
1708,7,Edwards,2,Gd,2004,160,WD,Norm,No,117.0,Gd,130000
1652,9,NridgHt,2,Ex,2006,20,WD,Norm,No,300.0,Ex,325000
1368,7,NridgHt,2,Gd,2005,120,New,Norm,No,94.0,Gd,202500
990,5,CollgCr,2,Gd,1994,20,WD,Norm,No,0.0,TA,138000
1122,5,OldTown,2,TA,1948,20,WD,Norm,No,0.0,Gd,147000
1902,7,Crawfor,2,Gd,1959,20,WD,PosA,Av,0.0,Ex,335000
1274,7,CollgCr,2,Gd,2005,20,New,Norm,No,80.0,Gd,203000
2599,9,NoRidge,3,Gd,1999,60,WD,Norm,No,165.0,Gd,333168
948,4,Edwards,1,TA,1954,20,WD,Norm,No,0.0,TA,119000
2112,6,NAmes,2,Fa,1969,60,WD,Norm,Mn,0.0,TA,206900
1630,8,CollgCr,3,Ex,2008,20,WD,Norm,Gd,270.0,Ex,295493
1352,7,Somerst,2,Ex,2006,120,New,Norm,No,0.0,Gd,208900
948,4,Edwards,1,TA,1954,20,WD,Norm,No,132.0,TA,111000
1478,6,NAmes,2,TA,1957,20,WD,Norm,No,0.0,TA,156500
1923,7,NoRidge,2,Gd,1992,60,WD,Norm,No,0.0,Gd,190000
1795,8,Somerst,3,Ex,2006,20,New,Norm,Av,428.0,Gd,147000
816,5,Mitchel,1,TA,1982,20,WD,Norm,No,0.0,Gd,130500
2792,6,OldTown,2,Gd,1920,50,WD,Norm,No,0.0,TA,256000
1632,7,Gilbert,2,Gd,1998,60,WD,Norm,No,0.0,TA,176500
1588,8,Somerst,3,Gd,2006,20,WD,Norm,Av,410.0,Gd,227000
954,5,CollgCr,2,TA,1976,80,WD,Norm,Av,0.0,TA,132500
816,4,Edwards,1,TA,1938,20,WD,Norm,Mn,0.0,TA,100000
1360,5,IDOTRR,1,TA,1938,50,WD,Norm,No,0.0,Gd,125500
1365,5,BrDale,2,TA,1970,160,WD,Norm,No,312.0,TA,125000
1334,6,NWAmes,2,Gd,1977,20,WD,Norm,No,360.0,TA,167900
1656,5,NWAmes,2,TA,1973,90,WD,Feedr,No,564.0,TA,135000
1861,7,CollgCr,2,Gd,2002,60,WD,Norm,No,0.0,Gd,200000
864,5,CollgCr,1,TA,1972,20,WD,Norm,Mn,0.0,TA,128500
872,4,NAmes,4,TA,1971,20,WD,Norm,No,0.0,TA,123000
1114,6,SawyerW,2,Gd,2003,20,WD,RRAe,No,0.0,Gd,155000
1913,6,Crawfor,2,TA,1928,50,WD,Norm,No,0.0,TA,177000
1456,7,CollgCr,2,Gd,2006,60,New,Norm,No,0.0,Gd,155835
960,4,OldTown,1,TA,1920,30,WD,Norm,No,0.0,Fa,108500
1776,8,Timber,3,Ex,2006,20,New,Norm,Gd,100.0,Gd,283463
2634,5,NAmes,4,TA,1969,90,WD,Artery,No,368.0,TA,200000
1716,6,NAmes,2,TA,1962,60,WD,Norm,No,318.0,TA,171000
1176,6,BrkSide,2,TA,1937,50,WD,Norm,No,0.0,TA,134900
3238,8,NoRidge,3,Gd,1995,50,WD,Norm,Av,579.0,Gd,410000
1920,7,NWAmes,2,TA,1968,80,WD,Norm,No,143.0,Gd,170000
1980,9,NridgHt,3,Ex,2004,20,WD,Norm,Av,66.0,Ex,315000
2601,5,SWISU,2,TA,1921,70,WD,Feedr,No,0.0,TA,189000
1530,7,StoneBr,2,Ex,2005,20,WD,Norm,Av,16.0,Gd,260000
1412,6,Gilbert,2,Gd,2006,60,New,Norm,No,0.0,Gd,156932
1200,7,Somerst,2,Gd,2005,160,WD,Norm,No,0.0,Gd,144152
1790,7,CollgCr,2,Gd,1999,60,WD,Norm,No,158.0,Gd,193000
1475,5,MeadowV,1,TA,1977,160,WD,Norm,No,0.0,TA,127000
1668,8,CollgCr,2,Gd,2003,20,WD,Norm,Av,171.0,Gd,232000
1374,4,OldTown,1,TA,1920,50,WD,Artery,No,0.0,TA,105000
1661,6,NAmes,1,TA,1955,80,WD,Norm,Av,0.0,Gd,165500
2097,7,CollgCr,2,Gd,1998,60,WD,Norm,Av,0.0,Gd,274300
1958,7,Somerst,3,Gd,2005,60,WD,Norm,No,0.0,Gd,250000
1571,8,Timber,3,Gd,2007,20,New,Norm,Gd,80.0,Gd,239000
790,6,SWISU,1,Gd,1930,30,WD,Norm,Mn,0.0,TA,91000
1604,5,Edwards,2,TA,1941,50,WD,Norm,No,0.0,TA,117000
987,6,BrDale,1,TA,1973,160,WD,Norm,No,408.0,TA,83000
864,3,Edwards,1,TA,1914,30,WD,Norm,No,0.0,TA,58500
1762,7,OldTown,2,Fa,1920,70,WD,Norm,No,0.0,Gd,157000
1258,6,Edwards,1,TA,1939,50,WD,Norm,Mn,0.0,TA,105000
1154,4,IDOTRR,1,TA,1922,50,WD,Norm,No,0.0,Gd,125500
2784,7,NWAmes,2,Gd,1978,60,WD,RRAn,No,184.0,Gd,250000
2526,6,OldTown,1,TA,1916,50,CWD,Artery,No,0.0,Gd,136000
1746,9,Gilbert,3,Ex,2006,20,WD,Norm,Gd,160.0,Ex,377500
1218,6,BrkSide,2,TA,1941,50,WD,Norm,No,0.0,TA,131000
1525,7,CollgCr,2,Gd,2000,20,WD,Norm,Av,244.0,Gd,235000
1584,5,NAmes,3,TA,1967,90,WD,Norm,No,0.0,TA,124000
900,5,NAmes,1,TA,1967,85,WD,Norm,Av,0.0,TA,123000
1912,6,OldTown,2,Fa,1905,190,WD,Norm,No,0.0,TA,163000
1500,7,Blmngtn,3,Gd,2006,120,New,Norm,Av,45.0,Gd,246578
2482,8,Timber,3,Gd,2005,60,WD,Norm,Gd,245.0,Gd,281213
1513,5,BrkSide,1,TA,1920,70,WD,Norm,Mn,0.0,TA,137500
1904,5,NAmes,1,TA,1950,50,WD,Norm,No,0.0,TA,138000
1608,6,SWISU,1,TA,1925,50,WD,Norm,No,0.0,Gd,137450
1158,6,BrkSide,1,TA,1929,50,WD,Norm,No,0.0,TA,120000
1593,6,Gilbert,2,TA,2004,60,WD,Norm,No,0.0,TA,193000
1294,7,CollgCr,2,Gd,2006,20,New,Norm,Av,0.0,Gd,193879
1464,8,Somerst,3,Gd,2007,20,WD,RRAn,Gd,84.0,Gd,282922
1214,3,OldTown,3,TA,1915,50,WD,Artery,No,0.0,TA,105000
1646,8,Crawfor,2,Ex,2004,120,WD,Norm,Gd,174.0,Gd,275000
768,5,CollgCr,2,Gd,1972,85,WD,Norm,Av,0.0,TA,133000
1363,4,OldTown,2,Fa,1910,70,WD,Norm,No,0.0,TA,125500
2093,7,NWAmes,2,Gd,1986,60,WD,Norm,No,123.0,TA,215000
1840,7,CollgCr,2,Gd,2001,60,WD,Norm,No,0.0,Gd,230000
1668,6,NAmes,1,TA,1950,50,WD,Norm,No,0.0,TA,140000
1844,8,SawyerW,2,Gd,2005,20,COD,Norm,No,366.0,Gd,257000
1848,6,BrkSide,2,TA,1923,50,WD,Norm,No,0.0,Gd,207000
1569,7,Blmngtn,3,Gd,2007,120,WD,Norm,No,130.0,Gd,175900
2290,4,OldTown,2,TA,1885,190,WD,Norm,No,0.0,TA,122500
1144,5,NAmes,1,TA,1963,20,COD,Norm,No,0.0,TA,124000
1416,6,NWAmes,2,TA,1968,60,WD,Norm,No,420.0,TA,179900
1069,6,NPkVill,2,Gd,1977,120,WD,Norm,No,0.0,TA,127500
848,6,CollgCr,2,Gd,2003,120,WD,Norm,Av,170.0,Gd,136500
1252,6,NAmes,2,TA,1959,20,WD,Norm,No,243.0,Gd,142000
2127,7,NoRidge,2,Gd,1994,60,WD,Norm,No,448.0,Gd,271000
1558,5,NAmes,1,TA,1945,50,WD,Artery,No,0.0,TA,140000
804,5,OldTown,1,TA,1940,30,WD,Norm,No,294.0,Gd,119000
1838,5,Gilbert,2,Gd,2005,60,WD,RRAn,Av,0.0,TA,192140
968,4,OldTown,1,TA,1927,30,WD,Norm,No,0.0,TA,64500
1792,6,Gilbert,2,Gd,2000,60,WD,Norm,No,318.0,TA,186500
1126,5,Mitchel,2,TA,1977,20,WD,Norm,No,0.0,TA,160000
1537,6,NAmes,2,TA,1962,20,COD,Norm,No,237.0,Gd,174000
864,4,NAmes,2,TA,1971,20,WD,Norm,No,0.0,TA,120500
1932,8,NridgHt,3,Ex,2008,20,New,Norm,Av,426.0,Ex,394617
1236,6,OldTown,2,TA,1957,20,WD,Artery,No,0.0,TA,149700
1725,7,NWAmes,2,TA,1979,60,WD,Norm,No,96.0,TA,197000
2555,6,Crawfor,2,Ex,1922,70,WD,Norm,No,0.0,TA,191000
2007,10,Somerst,3,Ex,2008,60,WD,Norm,Av,160.0,Ex,310000
1422,7,CollgCr,2,Gd,2004,20,WD,Norm,Av,106.0,Gd,179600
913,6,Sawyer,1,TA,1966,85,WD,Norm,Gd,0.0,TA,129000
2090,8,CollgCr,2,Gd,1995,60,WD,Norm,No,438.0,Gd,240000
1346,4,Edwards,1,Fa,1910,50,WD,Norm,No,0.0,TA,112000
1578,8,Somerst,3,Gd,2008,20,New,Norm,No,194.0,Ex,287090
1072,5,Edwards,2,Gd,2005,180,WD,Norm,Gd,80.0,TA,145000
1221,7,Somerst,2,Gd,2004,20,WD,Norm,No,0.0,Gd,185000
1647,6,Gilbert,2,Gd,1999,60,WD,Norm,No,0.0,TA,175000
2073,6,NWAmes,2,Gd,1978,20,WD,Norm,No,119.0,TA,210000
2340,7,Crawfor,1,TA,1941,70,WD,Norm,No,0.0,Gd,266500
1078,5,NAmes,1,TA,1950,20,WD,Norm,Mn,0.0,Gd,142125
1256,5,Edwards,1,TA,1965,20,WD,Norm,No,0.0,TA,147500
